월,월평균기온,월평균일교차,월평균최고기온,월평균최저기온,월평균상대습도,구분,분기,분기평균기온,분기평균일교차,분기평균최고기온,분기평균최저기온,분기평균상대습도,지점번호
1.0,1.5,8.8,6.44,-2.36,47.07,월별,,,,,,,강릉
2.0,2.04,9.28,7.05,-2.23,39.31,월별,,,,,,,강릉
3.0,9.0,8.92,13.4,4.49,56.53,월별,,,,,,,강릉
4.0,16.12,10.0,20.95,10.95,50.26,월별,,,,,,,강릉
5.0,20.35,10.23,25.34,15.11,47.83,월별,,,,,,,강릉
6.0,23.56,7.4,27.25,19.85,70.61,월별,,,,,,,강릉
7.0,26.33,6.2,29.76,23.56,79.99,월별,,,,,,,강릉
8.0,26.61,6.82,30.06,23.24,74.79,월별,,,,,,,강릉
9.0,21.78,8.9,26.63,17.73,72.97,월별,,,,,,,강릉
10.0,15.28,8.19,19.78,11.59,69.62,월별,,,,,,,강릉
11.0,12.68,10.1,18.32,8.22,54.72,월별,,,,,,,강릉
12.0,1.47,9.12,6.52,-2.6,40.93,월별,,,,,,,강릉
,,,,,,분기별,2022Q1,4.25,8.99,9.03,0.04,47.92,강릉
,,,,,,분기별,2022Q2,20.01,9.22,24.52,15.3,56.14,강릉
,,,,,,분기별,2022Q3,24.94,7.29,28.84,21.55,75.95,강릉
,,,,,,분기별,2022Q4,9.78,9.13,14.84,5.71,55.09,강릉
1.0,1.82,10.28,7.41,-2.87,61.15,월별,,,,,,,강진군
2.0,2.14,10.93,7.73,-3.2,56.93,월별,,,,,,,강진군
3.0,9.09,12.09,15.43,3.35,69.05,월별,,,,,,,강진군
4.0,14.36,13.81,21.73,7.92,66.15,월별,,,,,,,강진군
5.0,18.22,13.98,25.4,11.41,63.99,월별,,,,,,,강진군
6.0,23.07,8.56,27.94,19.38,79.71,월별,,,,,,,강진군
7.0,27.09,7.88,31.52,23.64,80.79,월별,,,,,,,강진군
8.0,26.77,7.63,31.06,23.43,84.05,월별,,,,,,,강진군
9.0,22.62,9.67,27.96,18.29,77.95,월별,,,,,,,강진군
10.0,15.51,12.05,22.22,10.17,70.2,월별,,,,,,,강진군
11.0,11.2,13.45,18.5,5.05,72.06,월별,,,,,,,강진군
12.0,1.7,9.74,6.87,-2.87,68.37,월별,,,,,,,강진군
,,,,,,분기별,2022Q1,4.42,11.11,10.27,-0.83,62.56,강진군
,,,,,,분기별,2022Q2,18.55,12.14,25.03,12.89,69.89,강진군
,,,,,,분기별,2022Q3,25.52,8.38,30.21,21.83,80.96,강진군
,,,,,,분기별,2022Q4,9.45,11.73,15.83,4.11,70.19,강진군
1.0,-3.11,10.6,1.99,-8.61,58.67,월별,,,,,,,강화
2.0,-2.1,10.66,3.08,-7.59,61.97,월별,,,,,,,강화
3.0,6.1,10.55,11.35,0.8,68.79,월별,,,,,,,강화
4.0,12.35,10.92,17.81,6.89,67.03,월별,,,,,,,강화
5.0,16.35,11.13,21.73,10.6,69.76,월별,,,,,,,강화
6.0,21.14,7.52,25.25,17.73,85.82,월별,,,,,,,강화
7.0,25.48,7.08,29.41,22.33,88.5,월별,,,,,,,강화
8.0,24.3,6.39,27.71,21.32,89.85,월별,,,,,,,강화
9.0,20.49,9.97,25.76,15.79,78.98,월별,,,,,,,강화
10.0,9.28,10.13,14.6,4.47,72.72,월별,,,,,,,강화
11.0,4.55,10.89,10.3,-0.59,72.08,월별,,,,,,,강화
12.0,-4.16,9.49,0.55,-8.94,64.6,월별,,,,,,,강화
,,,,,,분기별,2022Q1,0.38,10.6,5.55,-5.05,63.18,강화
,,,,,,분기별,2022Q2,16.61,9.87,21.6,11.73,74.16,강화
,,,,,,분기별,2022Q3,23.45,7.79,27.65,19.85,85.85,강화
,,,,,,분기별,2022Q4,3.21,10.16,8.46,-1.7,69.78,강화
1.0,2.86,8.7,7.47,-1.22,50.98,월별,,,,,,,거제
2.0,3.3,8.75,7.85,-0.9,45.32,월별,,,,,,,거제
3.0,9.98,9.66,14.91,5.25,65.47,월별,,,,,,,거제
4.0,14.56,9.78,19.74,9.96,63.64,월별,,,,,,,거제
5.0,18.85,10.42,24.22,13.8,58.05,월별,,,,,,,거제
6.0,21.7,5.7,24.95,19.25,81.17,월별,,,,,,,거제
7.0,26.02,6.62,29.76,23.14,80.72,월별,,,,,,,거제
8.0,26.05,5.63,29.1,23.47,81.39,월별,,,,,,,거제
9.0,22.1,7.29,26.19,18.9,77.17,월별,,,,,,,거제
10.0,16.5,8.86,21.31,12.45,68.79,월별,,,,,,,거제
11.0,12.48,9.75,17.76,8.01,67.69,월별,,,,,,,거제
12.0,2.98,7.82,7.03,-0.79,54.07,월별,,,,,,,거제
,,,,,,분기별,2022Q1,5.45,9.04,10.15,1.11,54.21,거제
,,,,,,분기별,2022Q2,18.37,8.65,22.98,14.33,67.52,거제
,,,,,,분기별,2022Q3,24.75,6.5,28.37,21.87,79.79,거제
,,,,,,분기별,2022Q4,10.63,8.8,15.34,6.54,63.47,거제
1.0,-0.84,14.32,6.85,-7.47,53.9,월별,,,,,,,거창
2.0,-0.43,13.77,6.61,-7.16,47.59,월별,,,,,,,거창
3.0,7.76,15.12,15.4,0.28,60.6,월별,,,,,,,거창
4.0,13.63,16.09,21.83,5.74,59.48,월별,,,,,,,거창
5.0,17.92,16.47,25.94,9.47,55.23,월별,,,,,,,거창
6.0,22.53,11.29,28.53,17.24,73.56,월별,,,,,,,거창
7.0,25.74,9.53,30.9,21.37,79.86,월별,,,,,,,거창
8.0,24.88,8.65,29.75,21.1,83.15,월별,,,,,,,거창
9.0,19.91,11.2,26.1,14.9,79.72,월별,,,,,,,거창
10.0,12.83,14.84,21.08,6.25,75.01,월별,,,,,,,거창
11.0,8.1,16.51,17.37,0.86,70.78,월별,,,,,,,거창
12.0,-1.29,12.8,5.45,-7.35,62.82,월별,,,,,,,거창
,,,,,,분기별,2022Q1,2.25,14.42,9.72,-4.7,54.25,거창
,,,,,,분기별,2022Q2,18.02,14.64,25.44,10.8,62.67,거창
,,,,,,분기별,2022Q3,23.55,9.78,28.95,19.17,80.92,거창
,,,,,,분기별,2022Q4,6.53,14.7,14.6,-0.09,69.52,거창
1.0,0.56,12.66,7.61,-5.05,47.98,월별,,,,,,,경주시
2.0,1.23,12.16,7.69,-4.46,42.59,월별,,,,,,,경주시
3.0,8.69,13.57,15.67,2.1,61.31,월별,,,,,,,경주시
4.0,14.39,15.22,21.98,6.76,58.91,월별,,,,,,,경주시
5.0,19.47,15.67,27.45,11.78,53.12,월별,,,,,,,경주시
6.0,23.08,10.51,28.74,18.24,73.61,월별,,,,,,,경주시
7.0,26.36,8.72,31.3,22.58,80.62,월별,,,,,,,경주시
8.0,26.37,8.91,31.31,22.4,78.64,월별,,,,,,,경주시
9.0,20.74,9.54,26.03,16.49,81.38,월별,,,,,,,경주시
10.0,14.4,13.18,21.68,8.5,73.58,월별,,,,,,,경주시
11.0,10.26,15.52,18.84,3.32,66.18,월별,,,,,,,경주시
12.0,0.38,11.21,6.3,-4.91,51.08,월별,,,,,,,경주시
,,,,,,분기별,2022Q1,3.57,12.82,10.41,-2.41,50.89,경주시
,,,,,,분기별,2022Q2,18.99,13.82,26.07,12.25,61.78,경주시
,,,,,,분기별,2022Q3,24.53,9.05,29.58,20.53,80.2,경주시
,,,,,,분기별,2022Q4,8.32,13.28,15.57,2.29,63.58,경주시
1.0,6.08,4.2,8.35,4.15,69.5,월별,,,,,,,고산(제주)
2.0,5.24,4.84,7.71,2.88,63.26,월별,,,,,,,고산(제주)
3.0,10.76,6.4,14.33,7.93,79.09,월별,,,,,,,고산(제주)
4.0,14.78,6.47,18.4,11.93,79.04,월별,,,,,,,고산(제주)
5.0,18.06,6.73,21.88,15.15,79.03,월별,,,,,,,고산(제주)
6.0,22.09,5.26,25.14,19.89,94.36,월별,,,,,,,고산(제주)
7.0,26.97,5.37,30.04,24.67,92.93,월별,,,,,,,고산(제주)
8.0,27.69,4.35,30.2,25.85,89.99,월별,,,,,,,고산(제주)
9.0,23.82,5.4,26.79,21.4,79.65,월별,,,,,,,고산(제주)
10.0,18.05,5.45,20.93,15.47,68.44,월별,,,,,,,고산(제주)
11.0,15.47,6.22,18.86,12.65,68.07,월별,,,,,,,고산(제주)
12.0,7.28,4.86,9.82,4.96,64.13,월별,,,,,,,고산(제주)
,,,,,,분기별,2022Q1,7.43,5.16,10.21,5.06,70.86,고산(제주)
,,,,,,분기별,2022Q2,18.31,6.16,21.81,15.65,84.09,고산(제주)
,,,,,,분기별,2022Q3,26.19,5.03,29.03,24.0,87.61,고산(제주)
,,,,,,분기별,2022Q4,13.58,5.5,16.51,11.01,66.87,고산(제주)
1.0,-0.39,9.53,4.83,-4.7,66.45,월별,,,,,,,고창
2.0,0.15,10.66,5.72,-4.94,61.35,월별,,,,,,,고창
3.0,7.52,12.36,13.96,1.6,66.1,월별,,,,,,,고창
4.0,13.33,12.92,20.29,7.37,56.9,월별,,,,,,,고창
5.0,17.56,13.29,24.49,11.2,60.37,월별,,,,,,,고창
6.0,23.16,8.3,27.81,19.51,75.0,월별,,,,,,,고창
7.0,26.62,7.78,30.83,23.05,79.65,월별,,,,,,,고창
8.0,26.31,6.76,29.96,23.2,80.79,월별,,,,,,,고창
9.0,21.65,9.82,27.13,17.31,77.13,월별,,,,,,,고창
10.0,14.06,12.22,20.66,8.44,72.1,월별,,,,,,,고창
11.0,10.12,13.26,17.31,4.06,69.28,월별,,,,,,,고창
12.0,-0.41,9.41,4.56,-4.85,69.25,월별,,,,,,,고창
,,,,,,분기별,2022Q1,2.5,10.86,8.25,-2.6,64.74,고창
,,,,,,분기별,2022Q2,18.01,11.52,24.2,12.68,64.05,고창
,,,,,,분기별,2022Q3,24.89,8.1,29.33,21.23,79.21,고창
,,,,,,분기별,2022Q4,7.9,11.61,14.14,2.53,70.22,고창
1.0,-0.44,9.46,4.67,-4.79,65.25,월별,,,,,,,고창군
2.0,0.2,10.29,5.52,-4.76,61.95,월별,,,,,,,고창군
3.0,7.78,12.62,14.26,1.65,68.82,월별,,,,,,,고창군
4.0,13.49,13.51,20.82,7.31,63.85,월별,,,,,,,고창군
5.0,17.55,14.35,25.08,10.72,60.05,월별,,,,,,,고창군
6.0,22.9,9.39,28.17,18.77,75.36,월별,,,,,,,고창군
7.0,26.41,8.32,30.97,22.65,79.71,월별,,,,,,,고창군
8.0,26.04,7.37,30.16,22.79,81.52,월별,,,,,,,고창군
9.0,21.8,10.03,27.42,17.39,77.64,월별,,,,,,,고창군
10.0,14.14,11.84,20.63,8.79,74.48,월별,,,,,,,고창군
11.0,10.12,12.85,17.03,4.18,71.42,월별,,,,,,,고창군
12.0,-0.42,9.22,4.43,-4.78,72.28,월별,,,,,,,고창군
,,,,,,분기별,2022Q1,2.59,10.8,8.24,-2.57,65.45,고창군
,,,,,,분기별,2022Q2,17.98,12.44,24.69,12.25,66.35,고창군
,,,,,,분기별,2022Q3,24.78,8.56,29.54,20.98,79.64,고창군
,,,,,,분기별,2022Q4,7.92,11.28,14.0,2.71,72.74,고창군
1.0,1.59,11.12,7.43,-3.68,57.8,월별,,,,,,,고흥
2.0,2.14,11.04,7.6,-3.44,51.93,월별,,,,,,,고흥
3.0,8.8,12.42,14.93,2.51,67.62,월별,,,,,,,고흥
4.0,13.78,12.76,20.17,7.41,65.13,월별,,,,,,,고흥
5.0,17.84,13.37,24.24,10.87,59.93,월별,,,,,,,고흥
6.0,21.82,7.87,26.07,18.21,80.78,월별,,,,,,,고흥
7.0,26.04,7.14,29.79,22.65,80.87,월별,,,,,,,고흥
8.0,25.72,7.17,29.42,22.25,83.75,월별,,,,,,,고흥
9.0,21.78,8.55,26.46,17.91,76.51,월별,,,,,,,고흥
10.0,15.05,11.8,21.27,9.47,69.87,월별,,,,,,,고흥
11.0,10.7,13.47,17.92,4.45,71.19,월별,,,,,,,고흥
12.0,1.57,9.94,6.58,-3.35,63.9,월별,,,,,,,고흥
,,,,,,분기별,2022Q1,4.25,11.54,10.07,-1.48,59.35,고흥
,,,,,,분기별,2022Q2,17.82,11.35,23.5,12.15,68.52,고흥
,,,,,,분기별,2022Q3,24.54,7.61,28.58,20.97,80.42,고흥
,,,,,,분기별,2022Q4,9.09,11.72,15.23,3.51,68.29,고흥
1.0,3.02,9.75,8.54,-1.22,44.47,월별,,,,,,,광양시
2.0,2.86,10.17,8.58,-1.6,43.83,월별,,,,,,,광양시
3.0,10.12,10.97,15.98,5.02,59.46,월별,,,,,,,광양시
4.0,15.49,11.08,21.48,10.4,58.83,월별,,,,,,,광양시
5.0,19.5,12.2,25.98,13.78,53.44,월별,,,,,,,광양시
6.0,22.93,8.27,27.73,19.46,77.05,월별,,,,,,,광양시
7.0,26.88,7.77,31.24,23.46,78.84,월별,,,,,,,광양시
8.0,26.58,6.59,30.27,23.68,81.82,월별,,,,,,,광양시
9.0,23.0,8.07,27.52,19.45,69.49,월별,,,,,,,광양시
10.0,16.85,10.43,22.76,12.34,61.44,월별,,,,,,,광양시
11.0,12.74,11.32,18.99,7.68,59.42,월별,,,,,,,광양시
12.0,2.17,9.31,7.51,-1.8,55.53,월별,,,,,,,광양시
,,,,,,분기별,2022Q1,5.42,10.3,11.12,0.81,49.44,광양시
,,,,,,분기별,2022Q2,19.31,10.54,25.08,14.54,63.0,광양시
,,,,,,분기별,2022Q3,25.51,7.47,29.7,22.23,76.79,광양시
,,,,,,분기별,2022Q4,10.56,10.34,16.39,6.05,58.79,광양시
1.0,1.56,9.05,6.72,-2.33,58.47,월별,,,,,,,광주
2.0,1.79,9.66,7.22,-2.44,56.27,월별,,,,,,,광주
3.0,9.55,11.06,15.61,4.54,67.7,월별,,,,,,,광주
4.0,15.45,12.79,22.56,9.78,60.34,월별,,,,,,,광주
5.0,19.35,12.3,26.06,13.77,58.42,월별,,,,,,,광주
6.0,23.83,8.86,28.99,20.13,82.47,월별,,,,,,,광주
7.0,27.05,7.39,31.15,23.76,87.33,월별,,,,,,,광주
8.0,26.86,6.47,30.62,24.15,90.0,월별,,,,,,,광주
9.0,23.05,8.87,27.99,19.12,76.49,월별,,,,,,,광주
10.0,16.02,10.19,21.57,11.38,64.87,월별,,,,,,,광주
11.0,11.8,11.33,18.12,6.79,62.31,월별,,,,,,,광주
12.0,1.13,8.12,5.55,-2.57,62.93,월별,,,,,,,광주
,,,,,,분기별,2022Q1,4.38,9.93,9.94,0.0,60.97,광주
,,,,,,분기별,2022Q2,19.54,11.33,25.88,14.55,66.98,광주
,,,,,,분기별,2022Q3,25.68,7.56,29.94,22.38,84.7,광주
,,,,,,분기별,2022Q4,9.63,9.87,15.05,5.18,63.38,광주
1.0,0.27,10.95,6.18,-4.76,46.75,월별,,,,,,,구미
2.0,1.18,11.31,7.22,-4.09,41.33,월별,,,,,,,구미
3.0,9.05,12.48,15.45,2.98,54.8,월별,,,,,,,구미
4.0,15.2,14.48,22.51,8.03,51.03,월별,,,,,,,구미
5.0,19.88,14.29,26.95,12.66,47.17,월별,,,,,,,구미
6.0,23.64,10.64,29.47,18.83,67.68,월별,,,,,,,구미
7.0,27.04,8.97,32.03,23.05,72.18,월별,,,,,,,구미
8.0,25.7,7.89,30.15,22.25,78.13,월별,,,,,,,구미
9.0,21.01,10.05,26.71,16.65,72.99,월별,,,,,,,구미
10.0,14.47,12.05,21.04,8.99,67.52,월별,,,,,,,구미
11.0,9.43,13.12,16.86,3.74,62.92,월별,,,,,,,구미
12.0,-0.39,9.9,4.98,-4.92,54.36,월별,,,,,,,구미
,,,,,,분기별,2022Q1,3.58,11.59,9.7,-1.89,47.84,구미
,,,,,,분기별,2022Q2,19.58,13.15,26.32,13.17,55.2,구미
,,,,,,분기별,2022Q3,24.62,8.96,29.66,20.7,74.45,구미
,,,,,,분기별,2022Q4,7.82,11.67,14.27,2.59,61.59,구미
1.0,-0.29,9.56,4.56,-5.0,64.8,월별,,,,,,,군산
2.0,0.43,9.51,5.3,-4.22,64.01,월별,,,,,,,군산
3.0,6.95,10.53,12.39,1.85,73.74,월별,,,,,,,군산
4.0,12.75,10.65,18.47,7.82,70.01,월별,,,,,,,군산
5.0,17.44,10.67,22.85,12.18,64.14,월별,,,,,,,군산
6.0,22.79,7.69,27.08,19.39,78.46,월별,,,,,,,군산
7.0,26.41,6.71,30.12,23.41,82.52,월별,,,,,,,군산
8.0,25.65,6.06,28.98,22.92,84.51,월별,,,,,,,군산
9.0,22.0,8.96,26.97,18.01,76.11,월별,,,,,,,군산
10.0,3.29,9.62,16.11,6.49,65.25,월별,,,,,,,군산
11.0,10.37,11.23,16.51,5.28,69.33,월별,,,,,,,군산
12.0,-0.77,8.98,4.14,-4.85,68.42,월별,,,,,,,군산
,,,,,,분기별,2022Q1,2.43,9.88,7.49,-2.39,67.63,군산
,,,,,,분기별,2022Q2,17.66,9.68,22.8,13.12,70.79,군산
,,,,,,분기별,2022Q3,24.72,7.22,28.71,21.48,81.1,군산
,,,,,,분기별,2022Q4,4.23,9.93,12.21,2.28,67.65,군산
1.0,-1.95,12.93,4.81,-8.12,63.32,월별,,,,,,,금산
2.0,-1.01,12.82,5.63,-7.19,55.82,월별,,,,,,,금산
3.0,7.24,13.88,14.38,0.5,65.9,월별,,,,,,,금산
4.0,13.12,15.77,21.1,5.33,59.9,월별,,,,,,,금산
5.0,17.45,15.25,24.84,9.59,56.7,월별,,,,,,,금산
6.0,22.69,9.9,27.92,18.01,72.95,월별,,,,,,,금산
7.0,25.61,8.52,30.23,21.71,81.4,월별,,,,,,,금산
8.0,24.81,7.49,28.92,21.43,83.53,월별,,,,,,,금산
9.0,20.36,11.24,26.67,15.43,77.02,월별,,,,,,,금산
10.0,5.5,13.26,20.05,6.79,71.09,월별,,,,,,,금산
11.0,7.56,15.13,16.12,0.99,72.89,월별,,,,,,,금산
12.0,-2.8,11.14,3.2,-7.94,71.86,월별,,,,,,,금산
,,,,,,분기별,2022Q1,1.51,13.22,8.36,-4.86,61.87,금산
,,,,,,분기별,2022Q2,17.75,13.66,24.62,10.96,63.11,금산
,,,,,,분기별,2022Q3,23.63,9.06,28.63,19.57,80.69,금산
,,,,,,분기별,2022Q4,3.37,13.16,13.09,-0.06,71.94,금산
1.0,2.24,10.51,7.96,-2.55,40.48,월별,,,,,,,김해시
2.0,2.56,10.59,8.29,-2.3,39.25,월별,,,,,,,김해시
3.0,9.92,10.69,15.68,4.99,61.09,월별,,,,,,,김해시
4.0,14.74,11.04,20.85,9.81,60.47,월별,,,,,,,김해시
5.0,19.42,11.61,25.8,14.18,55.35,월별,,,,,,,김해시
6.0,22.41,7.53,26.68,19.15,78.09,월별,,,,,,,김해시
7.0,26.81,7.35,31.05,23.7,80.64,월별,,,,,,,김해시
8.0,26.6,7.09,30.7,23.61,81.77,월별,,,,,,,김해시
9.0,22.61,8.88,27.71,18.83,74.13,월별,,,,,,,김해시
10.0,16.58,11.03,22.89,11.85,65.16,월별,,,,,,,김해시
11.0,12.92,12.07,19.65,7.58,58.41,월별,,,,,,,김해시
12.0,1.72,9.57,7.03,-2.55,47.41,월별,,,,,,,김해시
,,,,,,분기별,2022Q1,4.98,10.6,10.73,0.13,47.2,김해시
,,,,,,분기별,2022Q2,18.86,10.08,24.46,14.38,64.53,김해시
,,,,,,분기별,2022Q3,25.37,7.76,29.84,22.08,78.9,김해시
,,,,,,분기별,2022Q4,10.38,10.88,16.49,5.61,56.98,김해시
1.0,-1.03,11.71,5.32,-6.39,62.49,월별,,,,,,,남원
2.0,-0.65,12.22,5.7,-6.52,58.65,월별,,,,,,,남원
3.0,7.72,13.52,14.63,1.11,65.86,월별,,,,,,,남원
4.0,13.77,14.93,21.54,6.61,61.5,월별,,,,,,,남원
5.0,17.92,15.0,25.37,10.37,57.5,월별,,,,,,,남원
6.0,23.16,9.82,28.49,18.67,72.33,월별,,,,,,,남원
7.0,25.97,8.45,30.59,22.14,79.4,월별,,,,,,,남원
8.0,25.55,7.62,29.73,22.11,81.43,월별,,,,,,,남원
9.0,21.44,10.17,26.88,16.71,72.59,월별,,,,,,,남원
10.0,13.65,13.17,20.76,7.59,71.06,월별,,,,,,,남원
11.0,8.84,14.4,16.78,2.38,70.68,월별,,,,,,,남원
12.0,-1.93,10.43,3.75,-6.68,71.31,월별,,,,,,,남원
,,,,,,분기별,2022Q1,2.1,12.49,8.64,-3.85,62.46,남원
,,,,,,분기별,2022Q2,18.28,13.27,25.13,11.87,63.71,남원
,,,,,,분기별,2022Q3,24.35,8.73,29.09,20.36,77.86,남원
,,,,,,분기별,2022Q4,6.83,12.65,13.73,1.08,71.02,남원
1.0,2.43,9.68,7.63,-2.05,50.82,월별,,,,,,,남해
2.0,2.82,10.18,7.97,-2.21,46.27,월별,,,,,,,남해
3.0,9.73,10.64,15.3,4.66,64.27,월별,,,,,,,남해
4.0,14.89,10.43,20.44,10.01,62.63,월별,,,,,,,남해
5.0,15.3,10.89,20.94,10.05,53.75,월별,,,,,,,남해
6.0,22.28,7.01,26.22,19.22,79.6,월별,,,,,,,남해
7.0,26.36,7.08,30.28,23.2,80.45,월별,,,,,,,남해
8.0,26.26,6.4,29.74,23.34,80.91,월별,,,,,,,남해
9.0,22.13,7.49,26.35,18.85,75.68,월별,,,,,,,남해
10.0,16.32,9.12,21.35,12.24,67.45,월별,,,,,,,남해
11.0,12.14,10.29,17.69,7.4,65.04,월별,,,,,,,남해
12.0,2.51,8.25,6.77,-1.48,57.73,월별,,,,,,,남해
,,,,,,분기별,2022Q1,5.07,10.17,10.38,0.21,54.04,남해
,,,,,,분기별,2022Q2,17.47,9.46,22.52,13.06,65.2,남해
,,,,,,분기별,2022Q3,24.95,6.99,28.82,21.83,79.05,남해
,,,,,,분기별,2022Q4,10.3,9.21,15.24,6.04,63.39,남해
1.0,-6.95,12.74,-0.71,-13.45,62.32,월별,,,,,,,대관령
2.0,-6.41,11.19,-0.61,-11.8,55.44,월별,,,,,,,대관령
3.0,2.2,11.31,8.04,-3.26,67.97,월별,,,,,,,대관령
4.0,9.2,12.75,15.34,2.6,57.94,월별,,,,,,,대관령
5.0,13.38,13.93,20.01,6.08,58.75,월별,,,,,,,대관령
6.0,17.24,8.78,21.81,13.03,82.9,월별,,,,,,,대관령
7.0,21.25,8.36,26.12,17.76,84.83,월별,,,,,,,대관령
8.0,20.56,7.15,24.32,17.16,87.41,월별,,,,,,,대관령
9.0,15.21,10.94,21.23,10.28,84.7,월별,,,,,,,대관령
10.0,8.25,10.99,14.09,3.1,82.89,월별,,,,,,,대관령
11.0,4.47,13.85,11.75,-2.1,65.88,월별,,,,,,,대관령
12.0,-7.8,10.49,-2.46,-12.95,56.96,월별,,,,,,,대관령
,,,,,,분기별,2022Q1,-3.63,11.76,2.34,-9.43,62.12,대관령
,,,,,,분기별,2022Q2,13.27,11.84,19.06,7.22,66.44,대관령
,,,,,,분기별,2022Q3,19.05,8.8,23.92,15.12,85.66,대관령
,,,,,,분기별,2022Q4,1.61,11.75,7.75,-4.0,68.61,대관령
1.0,0.92,10.96,6.83,-4.13,46.45,월별,,,,,,,대구
2.0,1.6,10.81,7.36,-3.45,44.07,월별,,,,,,,대구
3.0,9.72,12.04,15.88,3.84,57.73,월별,,,,,,,대구
4.0,15.9,13.27,22.65,9.38,55.24,월별,,,,,,,대구
5.0,20.69,13.34,27.43,14.09,50.25,월별,,,,,,,대구
6.0,24.3,9.92,29.71,19.79,71.31,월별,,,,,,,대구
7.0,27.49,8.73,32.42,23.7,76.75,월별,,,,,,,대구
8.0,26.93,7.99,31.35,23.36,80.54,월별,,,,,,,대구
9.0,21.89,9.09,26.84,17.75,79.74,월별,,,,,,,대구
10.0,15.55,11.46,21.61,10.14,72.11,월별,,,,,,,대구
11.0,11.05,12.49,17.71,5.23,64.84,월별,,,,,,,대구
12.0,0.4,9.42,5.39,-4.03,62.93,월별,,,,,,,대구
,,,,,,분기별,2022Q1,4.16,11.29,10.11,-1.17,49.59,대구
,,,,,,분기별,2022Q2,20.3,12.19,26.61,14.42,58.83,대구
,,,,,,분기별,2022Q3,25.47,8.6,30.24,21.64,79.0,대구
,,,,,,분기별,2022Q4,8.98,11.11,14.87,3.76,66.64,대구
1.0,-0.85,11.1,5.16,-5.94,53.43,월별,,,,,,,대전
2.0,0.09,11.32,6.13,-5.19,48.9,월별,,,,,,,대전
3.0,8.35,11.98,14.51,2.53,59.38,월별,,,,,,,대전
4.0,14.86,13.64,21.92,8.28,52.11,월별,,,,,,,대전
5.0,19.36,13.59,26.29,12.7,49.85,월별,,,,,,,대전
6.0,24.06,9.57,29.39,19.82,66.8,월별,,,,,,,대전
7.0,26.97,8.1,31.48,23.38,75.08,월별,,,,,,,대전
8.0,25.7,6.91,29.62,22.71,78.75,월별,,,,,,,대전
9.0,21.84,10.16,27.51,17.35,68.7,월별,,,,,,,대전
10.0,14.28,11.58,20.73,9.15,67.88,월별,,,,,,,대전
11.0,9.51,12.8,16.6,3.8,64.17,월별,,,,,,,대전
12.0,-1.98,9.62,3.25,-6.37,61.53,월별,,,,,,,대전
,,,,,,분기별,2022Q1,2.61,11.47,8.68,-2.79,54.07,대전
,,,,,,분기별,2022Q2,19.42,12.28,25.87,13.59,56.18,대전
,,,,,,분기별,2022Q3,24.87,8.37,29.56,21.19,74.24,대전
,,,,,,분기별,2022Q4,7.25,11.32,13.49,2.18,64.53,대전
1.0,-3.89,12.32,2.65,-9.67,59.8,월별,,,,,,,동두천
2.0,-2.64,12.91,4.38,-8.52,56.33,월별,,,,,,,동두천
3.0,6.42,12.98,13.59,0.6,64.24,월별,,,,,,,동두천
4.0,13.59,14.73,21.67,6.94,55.46,월별,,,,,,,동두천
5.0,17.4,14.81,25.22,10.41,60.15,월별,,,,,,,동두천
6.0,21.53,9.16,26.57,17.41,80.47,월별,,,,,,,동두천
7.0,21.74,8.26,30.42,22.15,82.32,월별,,,,,,,동두천
8.0,24.22,7.05,28.22,21.17,88.06,월별,,,,,,,동두천
9.0,20.05,11.18,26.27,15.09,79.01,월별,,,,,,,동두천
10.0,12.35,12.05,19.15,7.1,77.56,월별,,,,,,,동두천
11.0,8.05,12.88,15.21,2.33,71.48,월별,,,,,,,동두천
12.0,-4.88,10.77,0.97,-9.8,63.31,월별,,,,,,,동두천
,,,,,,분기별,2022Q1,0.05,12.73,6.96,-5.77,60.25,동두천
,,,,,,분기별,2022Q2,17.51,12.92,24.5,11.58,65.3,동두천
,,,,,,분기별,2022Q3,22.02,8.81,28.33,19.52,83.18,동두천
,,,,,,분기별,2022Q4,5.14,11.89,11.74,-0.15,70.78,동두천
1.0,2.08,7.96,6.0,-1.97,46.79,월별,,,,,,,동해
2.0,2.44,8.57,6.89,-1.69,37.73,월별,,,,,,,동해
3.0,8.61,8.24,12.66,4.43,60.63,월별,,,,,,,동해
4.0,14.58,9.48,19.28,9.79,57.15,월별,,,,,,,동해
5.0,18.28,9.19,22.84,13.65,55.53,월별,,,,,,,동해
6.0,21.06,7.02,24.9,17.88,79.91,월별,,,,,,,동해
7.0,23.9,5.43,27.23,21.81,91.8,월별,,,,,,,동해
8.0,24.35,6.02,27.62,21.6,84.59,월별,,,,,,,동해
9.0,20.17,7.94,24.34,16.4,81.12,월별,,,,,,,동해
10.0,14.45,7.98,18.81,10.83,74.83,월별,,,,,,,동해
11.0,12.09,9.17,16.75,7.58,58.06,월별,,,,,,,동해
12.0,2.26,8.06,6.37,-1.69,37.05,월별,,,,,,,동해
,,,,,,분기별,2022Q1,4.44,8.25,8.57,0.32,48.74,동해
,,,,,,분기별,2022Q2,17.98,8.57,22.35,13.77,64.1,동해
,,,,,,분기별,2022Q3,22.84,6.45,26.42,19.98,85.89,동해
,,,,,,분기별,2022Q4,9.57,8.39,13.95,5.55,56.63,동해
1.0,1.5,6.17,4.79,-1.37,65.3,월별,,,,,,,목포
2.0,1.58,7.06,5.35,-1.71,63.16,월별,,,,,,,목포
3.0,8.49,8.57,13.21,4.65,72.27,월별,,,,,,,목포
4.0,13.78,8.93,18.91,9.98,69.97,월별,,,,,,,목포
5.0,17.74,8.81,22.62,13.81,65.93,월별,,,,,,,목포
6.0,22.66,6.13,26.1,19.97,80.09,월별,,,,,,,목포
7.0,26.62,5.93,29.97,24.04,81.61,월별,,,,,,,목포
8.0,26.73,4.8,29.41,24.61,81.33,월별,,,,,,,목포
9.0,22.51,6.64,26.15,19.51,77.49,월별,,,,,,,목포
10.0,15.83,7.39,19.81,12.42,68.8,월별,,,,,,,목포
11.0,12.07,8.59,16.87,8.28,69.01,월별,,,,,,,목포
12.0,1.95,6.58,5.46,-1.12,68.87,월별,,,,,,,목포
,,,,,,분기별,2022Q1,3.93,7.27,7.87,0.6,67.03,목포
,,,,,,분기별,2022Q2,18.05,7.97,22.54,14.58,71.93,목포
,,,,,,분기별,2022Q3,25.32,5.78,28.54,22.76,80.17,목포
,,,,,,분기별,2022Q4,9.92,7.51,14.02,6.51,68.89,목포
1.0,-1.21,10.7,4.18,-6.52,50.69,월별,,,,,,,문경
2.0,-0.6,10.65,4.81,-5.84,47.66,월별,,,,,,,문경
3.0,7.42,12.19,13.51,1.32,61.96,월별,,,,,,,문경
4.0,14.19,14.51,21.28,6.77,53.86,월별,,,,,,,문경
5.0,18.38,14.15,25.15,11.0,53.24,월별,,,,,,,문경
6.0,22.05,10.88,27.89,17.01,76.5,월별,,,,,,,문경
7.0,25.6,8.34,30.25,21.92,83.22,월별,,,,,,,문경
8.0,24.46,7.49,28.7,21.21,87.08,월별,,,,,,,문경
9.0,19.94,10.61,25.94,15.33,80.47,월별,,,,,,,문경
10.0,13.04,11.75,19.49,7.74,75.68,월별,,,,,,,문경
11.0,8.54,13.08,15.47,2.39,67.93,월별,,,,,,,문경
12.0,-2.22,9.53,2.63,-6.9,57.66,월별,,,,,,,문경
,,,,,,분기별,2022Q1,1.95,11.2,7.59,-3.61,53.63,문경
,,,,,,분기별,2022Q2,18.21,13.19,24.78,11.59,61.11,문경
,,,,,,분기별,2022Q3,23.37,8.79,28.32,19.53,83.62,문경
,,,,,,분기별,2022Q4,6.43,11.44,12.5,1.06,67.08,문경
1.0,0.96,13.46,8.41,-5.05,45.65,월별,,,,,,,밀양
2.0,2.09,13.32,8.88,-4.45,37.43,월별,,,,,,,밀양
3.0,9.61,13.7,16.51,2.8,57.4,월별,,,,,,,밀양
4.0,15.21,14.12,22.55,8.43,54.74,월별,,,,,,,밀양
5.0,20.02,15.02,27.8,12.78,47.91,월별,,,,,,,밀양
6.0,23.66,10.06,29.29,19.23,66.86,월별,,,,,,,밀양
7.0,27.49,9.24,32.66,23.42,70.87,월별,,,,,,,밀양
8.0,26.68,7.87,30.98,23.11,73.98,월별,,,,,,,밀양
9.0,22.2,10.12,27.74,17.63,68.77,월별,,,,,,,밀양
10.0,15.36,13.01,22.3,9.29,64.39,월별,,,,,,,밀양
11.0,10.74,14.83,18.76,3.93,61.56,월별,,,,,,,밀양
12.0,0.52,11.74,7.04,-4.7,51.48,월별,,,,,,,밀양
,,,,,,분기별,2022Q1,4.29,13.5,11.34,-2.16,47.14,밀양
,,,,,,분기별,2022Q2,19.63,13.09,26.56,13.47,56.41,밀양
,,,,,,분기별,2022Q3,25.49,9.06,30.49,21.42,71.23,밀양
,,,,,,분기별,2022Q4,8.85,13.18,16.0,2.83,59.12,밀양
1.0,-0.06,4.75,2.58,-2.17,58.09,월별,,,,,,,백령도
2.0,0.17,4.95,2.71,-2.25,58.1,월별,,,,,,,백령도
3.0,5.42,5.41,8.33,2.92,70.68,월별,,,,,,,백령도
4.0,10.3,6.85,13.98,7.13,69.46,월별,,,,,,,백령도
5.0,14.26,7.06,18.16,11.1,73.45,월별,,,,,,,백령도
6.0,19.28,5.69,22.4,16.7,85.62,월별,,,,,,,백령도
7.0,23.75,5.89,26.99,21.11,88.06,월별,,,,,,,백령도
8.0,23.62,5.53,26.71,21.18,84.99,월별,,,,,,,백령도
9.0,20.21,5.78,23.24,17.47,79.01,월별,,,,,,,백령도
10.0,13.81,5.1,16.48,11.38,68.19,월별,,,,,,,백령도
11.0,10.29,5.48,13.09,7.61,68.23,월별,,,,,,,백령도
12.0,0.07,5.26,2.77,-2.49,65.23,월별,,,,,,,백령도
,,,,,,분기별,2022Q1,1.9,5.04,4.6,-0.44,62.43,백령도
,,,,,,분기별,2022Q2,14.61,6.54,18.18,11.64,76.15,백령도
,,,,,,분기별,2022Q3,22.55,5.73,25.68,19.95,84.08,백령도
,,,,,,분기별,2022Q4,8.03,5.28,10.75,5.48,67.2,백령도
1.0,-0.59,9.42,4.32,-5.1,61.56,월별,,,,,,,보령
2.0,0.07,9.52,5.18,-4.35,59.98,월별,,,,,,,보령
3.0,6.94,10.46,12.18,1.72,69.35,월별,,,,,,,보령
4.0,12.59,10.67,18.25,7.58,66.08,월별,,,,,,,보령
5.0,17.05,10.67,22.53,11.86,63.38,월별,,,,,,,보령
6.0,22.37,7.22,26.3,19.09,78.21,월별,,,,,,,보령
7.0,26.2,6.91,30.02,23.11,81.25,월별,,,,,,,보령
8.0,25.37,5.94,28.55,22.62,84.58,월별,,,,,,,보령
9.0,21.85,9.09,26.81,17.71,73.63,월별,,,,,,,보령
10.0,14.45,9.82,19.79,9.97,72.05,월별,,,,,,,보령
11.0,10.63,10.69,16.44,5.76,67.44,월별,,,,,,,보령
12.0,-0.33,8.25,4.17,-4.08,65.78,월별,,,,,,,보령
,,,,,,분기별,2022Q1,2.21,9.81,7.29,-2.52,63.75,보령
,,,,,,분기별,2022Q2,17.33,9.53,22.36,12.83,69.16,보령
,,,,,,분기별,2022Q3,24.5,7.29,28.48,21.18,79.89,보령
,,,,,,분기별,2022Q4,8.22,9.57,13.44,3.86,68.43,보령
1.0,2.27,10.75,7.99,-2.76,55.85,월별,,,,,,,보성군
2.0,2.5,11.31,8.23,-3.08,52.57,월별,,,,,,,보성군
3.0,9.24,12.46,15.56,3.1,69.08,월별,,,,,,,보성군
4.0,10.88,12.66,17.2,4.55,62.73,월별,,,,,,,보성군
5.0,18.57,13.65,25.43,11.78,62.3,월별,,,,,,,보성군
6.0,23.11,7.72,27.44,19.71,80.54,월별,,,,,,,보성군
7.0,26.94,7.28,30.98,23.7,82.7,월별,,,,,,,보성군
8.0,26.58,7.19,30.47,23.28,85.9,월별,,,,,,,보성군
9.0,22.47,9.29,27.53,18.25,79.03,월별,,,,,,,보성군
10.0,15.61,12.02,22.0,9.98,71.21,월별,,,,,,,보성군
11.0,11.45,13.4,18.62,5.22,70.1,월별,,,,,,,보성군
12.0,2.0,9.26,6.79,-2.47,65.9,월별,,,,,,,보성군
,,,,,,분기별,2022Q1,4.74,11.51,10.67,-0.84,59.39,보성군
,,,,,,분기별,2022Q2,17.53,11.37,23.38,12.01,68.46,보성군
,,,,,,분기별,2022Q3,25.36,7.9,29.68,21.78,82.58,보성군
,,,,,,분기별,2022Q4,9.67,11.54,15.77,4.23,69.06,보성군
1.0,-2.85,13.12,3.84,-9.28,64.2,월별,,,,,,,보은
2.0,-1.72,12.72,4.73,-7.99,57.15,월별,,,,,,,보은
3.0,6.58,12.88,13.18,0.3,67.67,월별,,,,,,,보은
4.0,12.93,15.47,20.6,5.13,59.4,월별,,,,,,,보은
5.0,17.21,14.73,24.48,9.75,59.47,월별,,,,,,,보은
6.0,22.19,9.75,27.26,17.51,74.48,월별,,,,,,,보은
7.0,25.24,7.93,29.6,21.68,83.7,월별,,,,,,,보은
8.0,24.3,6.81,28.04,21.23,86.53,월별,,,,,,,보은
9.0,19.83,10.64,25.66,15.02,79.41,월별,,,,,,,보은
10.0,12.38,12.46,19.22,6.76,78.86,월별,,,,,,,보은
11.0,7.35,14.55,15.41,0.87,74.5,월별,,,,,,,보은
12.0,-3.91,11.56,2.23,-9.34,72.98,월별,,,,,,,보은
,,,,,,분기별,2022Q1,0.75,12.91,7.33,-5.58,63.2,보은
,,,,,,분기별,2022Q2,17.44,13.33,24.12,10.79,64.39,보은
,,,,,,분기별,2022Q3,23.16,8.43,27.79,19.36,83.25,보은
,,,,,,분기별,2022Q4,5.25,12.84,12.25,-0.59,75.46,보은
1.0,-2.49,13.39,4.38,-9.01,59.59,월별,,,,,,,봉화
2.0,-1.96,13.43,4.81,-8.62,51.46,월별,,,,,,,봉화
3.0,5.81,12.93,12.41,-0.52,66.8,월별,,,,,,,봉화
4.0,11.8,15.53,19.56,4.03,60.59,월별,,,,,,,봉화
5.0,15.98,15.88,23.71,7.83,60.02,월별,,,,,,,봉화
6.0,20.61,11.05,26.16,15.11,74.65,월별,,,,,,,봉화
7.0,23.87,8.55,28.68,20.14,84.22,월별,,,,,,,봉화
8.0,22.71,7.51,26.87,19.36,87.69,월별,,,,,,,봉화
9.0,18.4,11.39,24.5,13.1,79.25,월별,,,,,,,봉화
10.0,11.26,12.53,18.21,5.68,81.01,월별,,,,,,,봉화
11.0,6.81,14.68,15.24,0.56,76.66,월별,,,,,,,봉화
12.0,-3.56,11.52,2.5,-9.02,66.0,월별,,,,,,,봉화
,,,,,,분기별,2022Q1,0.53,13.25,7.28,-5.97,59.55,봉화
,,,,,,분기별,2022Q2,16.13,14.17,23.15,8.98,65.03,봉화
,,,,,,분기별,2022Q3,21.69,9.12,26.71,17.58,83.77,봉화
,,,,,,분기별,2022Q4,4.81,12.89,11.95,-0.94,74.53,봉화
1.0,3.97,9.16,9.15,-0.01,41.11,월별,,,,,,,부산
2.0,3.59,9.3,8.78,-0.52,43.59,월별,,,,,,,부산
3.0,10.51,8.06,14.84,6.78,64.69,월별,,,,,,,부산
4.0,14.87,7.68,19.12,11.44,63.76,월별,,,,,,,부산
5.0,18.98,8.12,23.44,15.32,60.27,월별,,,,,,,부산
6.0,21.68,5.49,24.88,19.39,84.04,월별,,,,,,,부산
7.0,26.16,6.01,29.71,23.7,83.95,월별,,,,,,,부산
8.0,26.4,5.75,29.7,23.95,81.22,월별,,,,,,,부산
9.0,22.89,6.75,26.9,20.16,75.65,월별,,,,,,,부산
10.0,17.58,8.67,22.67,14.0,64.25,월별,,,,,,,부산
11.0,14.39,9.38,19.76,10.38,57.2,월별,,,,,,,부산
12.0,3.25,8.35,8.09,-0.27,43.71,월별,,,,,,,부산
,,,,,,분기별,2022Q1,6.1,8.83,11.0,2.17,50.0,부산
,,,,,,분기별,2022Q2,18.52,7.11,22.49,15.38,69.26,부산
,,,,,,분기별,2022Q3,25.18,6.16,28.79,22.63,80.32,부산
,,,,,,분기별,2022Q4,11.71,8.79,16.81,8.01,55.03,부산
1.0,0.07,9.21,4.83,-4.38,67.87,월별,,,,,,,부안
2.0,0.69,9.88,5.87,-4.01,66.24,월별,,,,,,,부안
3.0,7.75,11.3,13.83,2.53,73.14,월별,,,,,,,부안
4.0,13.35,11.6,19.74,8.14,67.46,월별,,,,,,,부안
5.0,17.97,11.47,24.0,12.53,62.15,월별,,,,,,,부안
6.0,22.97,7.87,27.41,19.54,78.29,월별,,,,,,,부안
7.0,26.46,7.14,30.46,23.32,81.29,월별,,,,,,,부안
8.0,26.0,6.41,29.59,23.18,82.45,월별,,,,,,,부안
9.0,21.86,9.49,27.18,17.69,77.97,월별,,,,,,,부안
10.0,14.65,11.02,20.57,9.55,73.7,월별,,,,,,,부안
11.0,10.39,12.39,17.16,4.77,72.3,월별,,,,,,,부안
12.0,-0.14,9.06,4.52,-4.54,72.49,월별,,,,,,,부안
,,,,,,분기별,2022Q1,2.91,10.14,8.25,-1.88,69.18,부안
,,,,,,분기별,2022Q2,18.1,10.33,23.72,13.39,69.22,부안
,,,,,,분기별,2022Q3,24.81,7.66,29.1,21.44,80.6,부안
,,,,,,분기별,2022Q4,8.28,10.81,14.05,3.24,72.84,부안
1.0,-1.53,12.43,4.98,-7.45,66.51,월별,,,,,,,부여
2.0,-0.53,12.77,6.08,-6.7,61.86,월별,,,,,,,부여
3.0,7.11,13.33,13.97,0.64,70.81,월별,,,,,,,부여
4.0,13.28,14.98,21.29,6.3,65.26,월별,,,,,,,부여
5.0,17.74,14.62,25.23,10.61,61.46,월별,,,,,,,부여
6.0,23.15,9.48,28.32,18.84,76.4,월별,,,,,,,부여
7.0,26.44,8.35,31.02,22.68,83.02,월별,,,,,,,부여
8.0,25.42,7.12,29.34,22.21,85.95,월별,,,,,,,부여
9.0,21.46,10.98,27.62,16.64,77.38,월별,,,,,,,부여
10.0,13.69,12.48,20.55,8.07,77.52,월별,,,,,,,부여
11.0,9.0,14.06,16.83,2.77,75.28,월별,,,,,,,부여
12.0,-1.87,10.43,3.83,-6.59,73.03,월별,,,,,,,부여
,,,,,,분기별,2022Q1,1.76,12.85,8.42,-4.43,66.55,부여
,,,,,,분기별,2022Q2,18.05,13.05,24.95,11.9,67.64,부여
,,,,,,분기별,2022Q3,24.47,8.79,29.34,20.55,82.17,부여
,,,,,,분기별,2022Q4,6.92,12.3,13.7,1.4,75.28,부여
1.0,0.52,8.13,4.58,-3.55,47.49,월별,,,,,,,북강릉
2.0,1.15,9.35,5.66,-3.69,38.3,월별,,,,,,,북강릉
3.0,7.74,8.62,11.89,3.26,58.74,월별,,,,,,,북강릉
4.0,14.64,9.99,19.3,9.31,52.56,월별,,,,,,,북강릉
5.0,18.54,10.84,23.72,12.88,51.71,월별,,,,,,,북강릉
6.0,21.24,7.57,25.21,17.64,76.32,월별,,,,,,,북강릉
7.0,24.05,5.95,27.46,21.51,87.98,월별,,,,,,,북강릉
8.0,24.3,7.01,28.0,20.99,82.21,월별,,,,,,,북강릉
9.0,19.98,8.87,24.79,15.92,78.06,월별,,,,,,,북강릉
10.0,13.84,8.03,18.2,10.16,73.1,월별,,,,,,,북강릉
11.0,11.22,9.69,16.26,6.57,56.91,월별,,,,,,,북강릉
12.0,0.6,9.22,5.17,-4.05,38.39,월별,,,,,,,북강릉
,,,,,,분기별,2022Q1,3.2,8.68,7.43,-1.25,48.51,북강릉
,,,,,,분기별,2022Q2,18.15,9.48,22.75,13.27,60.1,북강릉
,,,,,,분기별,2022Q3,22.81,7.26,26.77,19.51,82.8,북강릉
,,,,,,분기별,2022Q4,8.52,8.98,13.18,4.2,56.12,북강릉
1.0,3.01,10.01,8.38,-1.63,43.5,월별,,,,,,,북창원
2.0,3.37,10.21,8.85,-1.36,41.41,월별,,,,,,,북창원
3.0,10.95,10.94,16.77,5.84,60.65,월별,,,,,,,북창원
4.0,15.94,11.67,22.35,10.67,60.38,월별,,,,,,,북창원
5.0,20.1,12.2,26.76,14.56,54.38,월별,,,,,,,북창원
6.0,23.08,8.13,27.81,19.68,77.7,월별,,,,,,,북창원
7.0,27.49,8.05,32.15,24.1,78.34,월별,,,,,,,북창원
8.0,26.99,7.14,31.1,23.97,81.33,월별,,,,,,,북창원
9.0,22.74,8.62,27.49,18.87,73.68,월별,,,,,,,북창원
10.0,16.47,10.54,22.14,11.59,65.72,월별,,,,,,,북창원
11.0,12.46,11.34,18.53,7.19,61.77,월별,,,,,,,북창원
12.0,1.99,8.73,6.6,-2.13,49.96,월별,,,,,,,북창원
,,,,,,분기별,2022Q1,5.86,10.39,11.42,1.03,48.76,북창원
,,,,,,분기별,2022Q2,19.71,10.68,25.65,14.97,64.05,북창원
,,,,,,분기별,2022Q3,25.77,7.93,30.28,22.35,77.83,북창원
,,,,,,분기별,2022Q4,10.28,10.19,15.72,5.53,59.12,북창원
1.0,-5.12,13.32,1.83,-11.48,64.82,월별,,,,,,,북춘천
2.0,-3.55,14.28,3.7,-10.58,55.2,월별,,,,,,,북춘천
3.0,5.68,13.42,12.52,-0.9,66.36,월별,,,,,,,북춘천
4.0,13.04,16.06,21.16,5.1,55.51,월별,,,,,,,북춘천
5.0,17.19,15.55,24.95,9.4,60.05,월별,,,,,,,북춘천
6.0,21.85,9.72,27.03,17.31,78.29,월별,,,,,,,북춘천
7.0,26.03,8.92,31.1,22.18,84.59,월별,,,,,,,북춘천
8.0,20.48,7.44,28.8,21.36,84.58,월별,,,,,,,북춘천
9.0,19.81,12.05,26.47,14.42,79.98,월별,,,,,,,북춘천
10.0,11.77,12.33,18.61,6.28,80.93,월별,,,,,,,북춘천
11.0,6.53,13.55,14.03,0.48,76.77,월별,,,,,,,북춘천
12.0,-6.07,11.43,0.09,-11.35,69.7,월별,,,,,,,북춘천
,,,,,,분기별,2022Q1,-0.91,13.65,6.1,-7.56,62.36,북춘천
,,,,,,분기별,2022Q2,17.36,13.8,24.39,10.59,64.57,북춘천
,,,,,,분기별,2022Q3,22.13,9.44,28.82,19.38,83.08,북춘천
,,,,,,분기별,2022Q4,4.05,12.42,10.88,-1.55,75.79,북춘천
1.0,0.28,12.34,7.08,-5.25,49.92,월별,,,,,,,산청
2.0,0.8,11.25,6.88,-4.38,45.73,월별,,,,,,,산청
3.0,8.53,14.05,15.76,1.72,60.79,월별,,,,,,,산청
4.0,14.38,14.77,22.01,7.24,60.67,월별,,,,,,,산청
5.0,18.6,15.19,26.14,10.95,56.48,월별,,,,,,,산청
6.0,22.63,10.4,28.33,17.93,77.03,월별,,,,,,,산청
7.0,26.37,9.07,31.29,22.21,79.6,월별,,,,,,,산청
8.0,25.32,8.3,30.08,21.78,85.44,월별,,,,,,,산청
9.0,20.63,10.18,26.34,16.17,80.84,월별,,,,,,,산청
10.0,13.76,13.65,21.32,7.67,73.4,월별,,,,,,,산청
11.0,8.97,14.83,17.4,2.57,69.93,월별,,,,,,,산청
12.0,0.02,10.69,5.7,-4.99,58.87,월별,,,,,,,산청
,,,,,,분기별,2022Q1,3.28,12.59,10.01,-2.58,52.36,산청
,,,,,,분기별,2022Q2,18.54,13.47,25.5,12.03,64.64,산청
,,,,,,분기별,2022Q3,24.14,9.17,29.27,20.1,81.97,산청
,,,,,,분기별,2022Q4,7.57,13.04,14.78,1.74,67.37,산청
1.0,-0.7,10.34,4.8,-5.54,51.42,월별,,,,,,,상주
2.0,0.0,11.11,6.04,-5.07,47.3,월별,,,,,,,상주
3.0,8.03,12.56,14.59,2.03,58.91,월별,,,,,,,상주
4.0,14.96,14.75,22.4,7.65,51.51,월별,,,,,,,상주
5.0,19.51,14.34,26.52,12.18,49.32,월별,,,,,,,상주
6.0,23.35,10.85,29.27,18.42,71.77,월별,,,,,,,상주
7.0,26.58,8.55,31.4,22.86,79.7,월별,,,,,,,상주
8.0,25.45,7.48,29.57,22.09,83.39,월별,,,,,,,상주
9.0,20.81,10.32,26.64,16.32,77.91,월별,,,,,,,상주
10.0,13.79,11.94,20.25,8.32,73.42,월별,,,,,,,상주
11.0,8.88,13.32,16.19,2.87,64.99,월별,,,,,,,상주
12.0,-1.58,9.21,3.35,-5.86,56.84,월별,,,,,,,상주
,,,,,,분기별,2022Q1,2.53,11.35,8.56,-2.79,52.72,상주
,,,,,,분기별,2022Q2,19.28,13.32,26.07,12.75,57.44,상주
,,,,,,분기별,2022Q3,24.32,8.77,29.23,20.47,80.36,상주
,,,,,,분기별,2022Q4,7.01,11.47,13.23,1.76,65.08,상주
1.0,7.45,5.99,10.81,4.82,69.83,월별,,,,,,,서귀포
2.0,6.05,6.63,9.58,2.95,62.09,월별,,,,,,,서귀포
3.0,12.54,6.9,16.06,9.16,72.21,월별,,,,,,,서귀포
4.0,16.18,6.79,19.79,13.0,70.47,월별,,,,,,,서귀포
5.0,19.54,6.47,23.05,16.57,67.74,월별,,,,,,,서귀포
6.0,22.5,4.59,25.13,20.54,90.3,월별,,,,,,,서귀포
7.0,27.0,4.85,29.67,24.82,87.06,월별,,,,,,,서귀포
8.0,27.72,4.61,30.25,25.63,85.17,월별,,,,,,,서귀포
9.0,24.33,5.48,27.36,21.88,76.39,월별,,,,,,,서귀포
10.0,19.01,6.25,22.35,16.1,67.21,월별,,,,,,,서귀포
11.0,16.37,6.83,19.97,13.14,69.58,월별,,,,,,,서귀포
12.0,7.36,6.76,10.94,4.17,64.98,월별,,,,,,,서귀포
,,,,,,분기별,2022Q1,8.77,6.5,12.24,5.73,68.24,서귀포
,,,,,,분기별,2022Q2,19.41,5.96,22.66,16.7,76.08,서귀포
,,,,,,분기별,2022Q3,26.37,4.97,29.11,24.14,82.95,서귀포
,,,,,,분기별,2022Q4,14.22,6.61,17.73,11.12,67.23,서귀포
1.0,-2.16,10.75,3.27,-7.48,68.65,월별,,,,,,,서산
2.0,-1.09,10.15,4.05,-6.1,64.87,월별,,,,,,,서산
3.0,6.13,11.32,11.79,0.47,73.4,월별,,,,,,,서산
4.0,12.25,12.14,18.47,6.33,68.96,월별,,,,,,,서산
5.0,16.81,11.45,22.67,11.22,66.62,월별,,,,,,,서산
6.0,22.27,8.04,26.59,18.55,71.66,월별,,,,,,,서산
7.0,26.19,7.53,30.35,22.83,80.26,월별,,,,,,,서산
8.0,24.91,6.48,28.3,21.82,84.27,월별,,,,,,,서산
9.0,21.19,10.15,26.84,16.69,75.53,월별,,,,,,,서산
10.0,13.66,10.98,19.46,8.47,74.11,월별,,,,,,,서산
11.0,9.34,12.36,16.11,3.74,72.77,월별,,,,,,,서산
12.0,-1.96,9.38,2.89,-6.5,70.46,월별,,,,,,,서산
,,,,,,분기별,2022Q1,1.02,10.76,6.45,-4.31,69.11,서산
,,,,,,분기별,2022Q2,17.11,10.55,22.58,12.03,69.05,서산
,,,,,,분기별,2022Q3,24.13,8.03,28.52,20.49,80.07,서산
,,,,,,분기별,2022Q4,6.99,10.89,12.78,1.89,72.45,서산
1.0,-2.2,8.86,2.63,-6.24,55.21,월별,,,,,,,서울
2.0,-1.12,9.17,3.82,-5.35,54.7,월별,,,,,,,서울
3.0,7.65,9.58,12.75,3.16,61.93,월별,,,,,,,서울
4.0,14.75,10.6,20.58,9.98,55.03,월별,,,,,,,서울
5.0,19.12,11.08,25.02,13.94,55.34,월별,,,,,,,서울
6.0,23.3,7.62,27.47,19.85,73.38,월별,,,,,,,서울
7.0,27.33,6.75,31.0,24.25,77.23,월별,,,,,,,서울
8.0,25.74,9.75,28.87,19.12,80.17,월별,,,,,,,서울
9.0,22.35,9.09,27.24,18.15,68.09,월별,,,,,,,서울
10.0,14.56,9.41,19.68,10.27,68.89,월별,,,,,,,서울
11.0,10.03,9.86,15.43,5.57,64.39,월별,,,,,,,서울
12.0,-2.82,8.23,1.66,-6.57,58.92,월별,,,,,,,서울
,,,,,,분기별,2022Q1,1.53,9.21,6.48,-2.72,57.37,서울
,,,,,,분기별,2022Q2,19.06,9.78,24.36,14.58,61.18,서울
,,,,,,분기별,2022Q3,25.17,8.53,29.06,20.53,75.24,서울
,,,,,,분기별,2022Q4,7.23,9.16,12.22,3.06,64.06,서울
1.0,-18.98,12.35,4.1,-8.25,47.15,월별,,,,,,,서청주
2.0,-1.35,12.75,5.08,-7.67,56.22,월별,,,,,,,서청주
3.0,7.05,13.09,13.67,0.58,65.32,월별,,,,,,,서청주
4.0,13.4,15.82,21.32,5.5,57.05,월별,,,,,,,서청주
5.0,18.17,14.7,25.48,10.79,55.58,월별,,,,,,,서청주
6.0,23.32,9.76,28.59,18.83,70.72,월별,,,,,,,서청주
7.0,26.18,8.35,30.72,22.37,80.43,월별,,,,,,,서청주
8.0,24.82,7.32,28.77,21.45,84.04,월별,,,,,,,서청주
9.0,20.39,11.61,26.65,15.04,77.04,월별,,,,,,,서청주
10.0,12.72,12.83,19.54,6.71,76.32,월별,,,,,,,서청주
11.0,7.74,14.15,15.44,1.29,73.23,월별,,,,,,,서청주
12.0,-3.93,10.88,1.77,-9.11,72.43,월별,,,,,,,서청주
,,,,,,분기별,2022Q1,1.03,12.88,9.09,-3.79,59.72,서청주
,,,,,,분기별,2022Q2,18.3,13.44,25.14,11.69,61.05,서청주
,,,,,,분기별,2022Q3,23.83,9.07,28.74,19.67,80.54,서청주
,,,,,,분기별,2022Q4,5.49,12.6,12.22,-0.39,74.0,서청주
1.0,5.54,5.76,8.66,2.9,64.58,월별,,,,,,,성산
2.0,4.72,7.02,8.07,1.05,60.23,월별,,,,,,,성산
3.0,11.15,8.76,15.34,6.58,68.29,월별,,,,,,,성산
4.0,15.21,8.39,19.37,10.98,67.87,월별,,,,,,,성산
5.0,18.5,9.05,23.08,14.04,66.37,월별,,,,,,,성산
6.0,22.05,5.29,24.89,19.61,87.92,월별,,,,,,,성산
7.0,26.84,5.8,29.94,24.14,84.85,월별,,,,,,,성산
8.0,27.78,6.27,31.18,24.91,81.2,월별,,,,,,,성산
9.0,23.74,5.09,26.49,21.4,78.52,월별,,,,,,,성산
10.0,17.91,6.49,21.11,14.61,69.02,월별,,,,,,,성산
11.0,14.77,7.9,18.85,10.95,71.01,월별,,,,,,,성산
12.0,5.6,6.53,8.93,2.4,68.75,월별,,,,,,,성산
,,,,,,분기별,2022Q1,7.22,7.19,10.78,3.59,64.5,성산
,,,,,,분기별,2022Q2,18.59,7.59,22.46,14.86,73.97,성산
,,,,,,분기별,2022Q3,26.15,5.73,29.23,23.51,81.56,성산
,,,,,,분기별,2022Q4,12.74,6.97,16.27,9.3,69.58,성산
1.0,-1.44,10.77,4.19,-6.58,54.76,월별,,,,,,,세종
2.0,-0.46,10.85,5.25,-5.61,49.66,월별,,,,,,,세종
3.0,7.72,12.05,13.92,1.87,59.96,월별,,,,,,,세종
4.0,14.22,13.92,21.57,7.66,54.63,월별,,,,,,,세종
5.0,18.37,13.6,25.29,11.69,51.48,월별,,,,,,,세종
6.0,23.32,9.62,28.66,19.04,68.48,월별,,,,,,,세종
7.0,26.42,7.99,30.87,22.88,79.21,월별,,,,,,,세종
8.0,25.3,6.95,29.2,22.25,81.97,월별,,,,,,,세종
9.0,13.73,5.69,22.99,17.3,64.8,월별,,,,,,,세종
10.0,13.92,11.0,20.02,9.02,70.14,월별,,,,,,,세종
11.0,9.39,12.2,16.13,3.93,64.88,월별,,,,,,,세종
12.0,-2.39,9.33,2.58,-6.75,64.23,월별,,,,,,,세종
,,,,,,분기별,2022Q1,2.02,11.23,7.87,-3.37,54.97,세종
,,,,,,분기별,2022Q2,18.64,12.39,25.18,12.78,58.12,세종
,,,,,,분기별,2022Q3,21.9,6.89,27.74,20.85,75.44,세종
,,,,,,분기별,2022Q4,6.95,10.83,12.88,2.05,66.43,세종
1.0,-0.63,7.57,3.03,-4.54,47.75,월별,,,,,,,속초
2.0,0.25,8.29,4.34,-3.96,39.78,월별,,,,,,,속초
3.0,7.12,8.43,11.32,2.89,60.48,월별,,,,,,,속초
4.0,14.16,10.29,19.07,8.78,55.2,월별,,,,,,,속초
5.0,18.53,10.57,23.65,13.08,54.16,월별,,,,,,,속초
6.0,20.92,7.09,24.71,17.62,78.54,월별,,,,,,,속초
7.0,24.3,5.71,27.65,21.95,87.61,월별,,,,,,,속초
8.0,24.61,7.03,28.36,21.34,81.28,월별,,,,,,,속초
9.0,20.31,8.49,24.75,16.26,75.98,월별,,,,,,,속초
10.0,13.9,8.23,18.24,10.01,70.34,월별,,,,,,,속초
11.0,11.04,9.71,16.03,6.32,54.74,월별,,,,,,,속초
12.0,-0.2,8.51,4.13,-4.37,34.46,월별,,,,,,,속초
,,,,,,분기별,2022Q1,2.32,8.09,6.29,-1.8,49.66,속초
,,,,,,분기별,2022Q2,17.88,9.33,22.49,13.16,62.54,속초
,,,,,,분기별,2022Q3,23.1,7.06,26.95,19.89,81.68,속초
,,,,,,분기별,2022Q4,8.22,8.81,12.76,3.96,53.16,속초
1.0,-2.21,10.35,3.06,-7.29,59.12,월별,,,,,,,수원
2.0,-1.08,10.15,4.11,-6.04,57.42,월별,,,,,,,수원
3.0,7.15,11.08,12.85,1.77,67.89,월별,,,,,,,수원
4.0,13.53,12.09,20.04,7.95,61.15,월별,,,,,,,수원
5.0,18.06,11.9,24.22,12.33,60.28,월별,,,,,,,수원
6.0,23.08,8.49,27.71,19.22,68.82,월별,,,,,,,수원
7.0,27.08,7.54,31.22,23.67,78.52,월별,,,,,,,수원
8.0,25.54,6.6,29.16,22.56,84.35,월별,,,,,,,수원
9.0,22.08,9.87,27.53,17.66,71.51,월별,,,,,,,수원
10.0,14.32,10.35,19.86,9.51,71.29,월별,,,,,,,수원
11.0,9.54,11.54,15.66,4.12,68.74,월별,,,,,,,수원
12.0,-3.93,9.24,0.83,-8.42,71.04,월별,,,,,,,수원
,,,,,,분기별,2022Q1,1.36,10.54,6.76,-3.78,61.61,수원
,,,,,,분기별,2022Q2,18.22,10.84,23.99,13.16,63.38,수원
,,,,,,분기별,2022Q3,24.93,7.99,29.32,21.34,78.2,수원
,,,,,,분기별,2022Q4,6.61,10.37,12.08,1.71,70.37,수원
1.0,-0.7,11.4,5.39,-6.01,65.52,월별,,,,,,,순창군
2.0,-0.3,11.72,5.62,-6.11,63.6,월별,,,,,,,순창군
3.0,7.88,13.53,14.68,1.15,68.71,월별,,,,,,,순창군
4.0,13.8,15.11,21.53,6.42,63.22,월별,,,,,,,순창군
5.0,17.98,14.67,25.27,10.6,60.01,월별,,,,,,,순창군
6.0,23.28,9.86,28.74,18.88,75.29,월별,,,,,,,순창군
7.0,26.21,8.72,31.05,22.33,81.53,월별,,,,,,,순창군
8.0,26.01,7.53,30.24,22.7,83.59,월별,,,,,,,순창군
9.0,21.6,10.56,27.49,16.93,77.98,월별,,,,,,,순창군
10.0,13.65,13.18,21.04,7.85,73.9,월별,,,,,,,순창군
11.0,8.81,14.91,17.17,2.26,73.55,월별,,,,,,,순창군
12.0,-1.75,11.31,4.39,-6.92,73.34,월별,,,,,,,순창군
,,,,,,분기별,2022Q1,2.38,12.23,8.66,-3.57,66.02,순창군
,,,,,,분기별,2022Q2,18.35,13.23,25.18,11.95,66.1,순창군
,,,,,,분기별,2022Q3,24.64,8.92,29.62,20.7,81.07,순창군
,,,,,,분기별,2022Q4,6.88,13.12,14.17,1.05,73.6,순창군
1.0,0.55,11.22,6.88,-4.34,57.54,월별,,,,,,,순천
2.0,0.7,11.75,6.97,-4.78,55.15,월별,,,,,,,순천
3.0,8.22,13.55,15.22,1.67,67.6,월별,,,,,,,순천
4.0,14.05,14.36,21.43,7.07,62.9,월별,,,,,,,순천
5.0,17.36,15.64,25.21,9.57,61.2,월별,,,,,,,순천
6.0,22.18,9.89,27.66,17.77,76.52,월별,,,,,,,순천
7.0,25.65,8.39,30.33,21.94,82.46,월별,,,,,,,순천
8.0,25.3,7.97,29.67,21.69,83.45,월별,,,,,,,순천
9.0,21.05,10.49,26.86,16.37,78.76,월별,,,,,,,순천
10.0,13.75,13.44,21.17,7.74,72.74,월별,,,,,,,순천
11.0,9.27,15.28,17.8,2.52,71.89,월별,,,,,,,순천
12.0,-0.02,10.02,5.28,-4.75,67.32,월별,,,,,,,순천
,,,,,,분기별,2022Q1,3.24,12.19,9.78,-2.4,60.26,순천
,,,,,,분기별,2022Q2,17.86,13.32,24.77,11.45,66.81,순천
,,,,,,분기별,2022Q3,24.03,8.93,28.98,20.04,81.59,순천
,,,,,,분기별,2022Q4,7.65,12.89,14.72,1.83,70.64,순천
1.0,-1.8,12.72,4.64,-8.07,48.39,월별,,,,,,,안동
2.0,-0.9,12.24,5.47,-6.76,41.55,월별,,,,,,,안동
3.0,7.26,13.1,13.71,0.61,57.02,월별,,,,,,,안동
4.0,14.03,15.08,21.45,6.38,52.55,월별,,,,,,,안동
5.0,18.68,14.5,25.75,11.24,50.15,월별,,,,,,,안동
6.0,22.93,10.86,28.69,17.84,67.03,월별,,,,,,,안동
7.0,26.36,8.77,31.31,22.54,74.68,월별,,,,,,,안동
8.0,25.06,7.56,29.21,21.65,79.92,월별,,,,,,,안동
9.0,20.55,10.57,26.36,15.79,73.82,월별,,,,,,,안동
10.0,13.13,12.5,19.99,7.48,73.7,월별,,,,,,,안동
11.0,8.28,13.97,15.94,1.97,67.01,월별,,,,,,,안동
12.0,-2.86,10.66,2.71,-7.95,58.41,월별,,,,,,,안동
,,,,,,분기별,2022Q1,1.6,12.7,8.02,-4.68,49.24,안동
,,,,,,분기별,2022Q2,18.55,13.49,25.3,11.81,56.5,안동
,,,,,,분기별,2022Q3,24.03,8.95,28.99,20.04,76.17,안동
,,,,,,분기별,2022Q4,6.16,12.36,12.85,0.48,66.37,안동
1.0,2.53,11.52,8.93,-2.59,48.43,월별,,,,,,,양산시
2.0,3.31,11.02,9.17,-1.85,42.96,월별,,,,,,,양산시
3.0,10.12,11.93,16.37,4.44,62.66,월별,,,,,,,양산시
4.0,14.86,12.17,21.46,9.29,64.15,월별,,,,,,,양산시
5.0,19.77,13.32,26.89,13.57,54.64,월별,,,,,,,양산시
6.0,23.03,8.21,27.8,19.6,76.33,월별,,,,,,,양산시
7.0,27.45,8.51,32.35,23.84,77.72,월별,,,,,,,양산시
8.0,27.33,7.57,31.74,24.17,78.64,월별,,,,,,,양산시
9.0,23.22,9.05,28.29,19.24,73.94,월별,,,,,,,양산시
10.0,16.96,11.39,23.21,11.82,66.7,월별,,,,,,,양산시
11.0,12.74,13.29,20.02,6.72,64.56,월별,,,,,,,양산시
12.0,-0.75,10.1,8.22,-1.88,48.76,월별,,,,,,,양산시
,,,,,,분기별,2022Q1,5.39,11.51,11.57,0.06,51.63,양산시
,,,,,,분기별,2022Q2,19.23,11.25,25.4,14.15,64.92,양산시
,,,,,,분기별,2022Q3,26.03,8.37,30.82,22.45,76.8,양산시
,,,,,,분기별,2022Q4,9.62,11.58,17.12,5.54,59.96,양산시
1.0,-2.73,11.02,2.95,-8.07,61.97,월별,,,,,,,양평
2.0,-1.31,11.6,4.7,-6.89,54.91,월별,,,,,,,양평
3.0,7.23,11.35,13.22,1.87,61.47,월별,,,,,,,양평
4.0,13.91,13.67,21.05,7.39,56.89,월별,,,,,,,양평
5.0,18.11,13.42,24.91,11.49,58.9,월별,,,,,,,양평
6.0,22.48,8.89,27.21,18.32,69.95,월별,,,,,,,양평
7.0,26.0,7.8,30.41,22.6,80.06,월별,,,,,,,양평
8.0,24.67,6.51,28.35,21.85,83.62,월별,,,,,,,양평
9.0,12.35,10.07,22.19,12.12,75.36,월별,,,,,,,양평
10.0,13.2,10.71,19.42,8.71,76.39,월별,,,,,,,양평
11.0,8.2,12.07,14.95,2.87,71.41,월별,,,,,,,양평
12.0,-3.99,9.65,1.24,-8.42,64.96,월별,,,,,,,양평
,,,,,,분기별,2022Q1,1.14,11.31,7.03,-4.28,59.6,양평
,,,,,,분기별,2022Q2,18.16,12.01,24.4,12.39,61.88,양평
,,,,,,분기별,2022Q3,21.1,8.11,27.04,18.93,79.73,양평
,,,,,,분기별,2022Q4,5.78,10.8,11.83,1.04,70.91,양평
1.0,3.32,7.66,7.58,-0.08,46.89,월별,,,,,,,여수
2.0,3.05,7.67,7.35,-0.32,44.96,월별,,,,,,,여수
3.0,9.74,7.8,13.88,6.08,61.84,월별,,,,,,,여수
4.0,14.71,7.2,18.59,11.39,62.11,월별,,,,,,,여수
5.0,18.93,7.92,23.26,15.34,56.45,월별,,,,,,,여수
6.0,21.86,4.81,24.69,19.88,80.6,월별,,,,,,,여수
7.0,26.4,5.24,29.46,24.22,79.42,월별,,,,,,,여수
8.0,26.22,4.48,28.78,24.3,81.52,월별,,,,,,,여수
9.0,23.19,5.39,26.12,20.73,68.65,월별,,,,,,,여수
10.0,17.2,6.96,21.05,14.09,61.43,월별,,,,,,,여수
11.0,13.32,7.73,17.57,9.83,59.7,월별,,,,,,,여수
12.0,3.13,6.83,6.9,0.08,52.45,월별,,,,,,,여수
,,,,,,분기별,2022Q1,5.45,7.71,9.68,1.97,51.44,여수
,,,,,,분기별,2022Q2,18.5,6.66,22.19,15.54,66.28,여수
,,,,,,분기별,2022Q3,25.29,5.03,28.14,23.11,76.62,여수
,,,,,,분기별,2022Q4,11.19,7.17,15.15,7.98,57.84,여수
1.0,0.01,8.96,4.76,-4.2,66.46,월별,,,,,,,영광군
2.0,0.53,10.08,5.66,-4.41,62.62,월별,,,,,,,영광군
3.0,7.63,11.72,13.66,1.94,70.04,월별,,,,,,,영광군
4.0,13.2,12.42,19.7,7.29,66.27,월별,,,,,,,영광군
5.0,17.48,12.37,24.05,11.68,63.08,월별,,,,,,,영광군
6.0,22.87,7.98,27.43,19.45,77.42,월별,,,,,,,영광군
7.0,26.53,7.49,30.63,23.14,80.56,월별,,,,,,,영광군
8.0,26.32,6.63,29.98,23.35,81.94,월별,,,,,,,영광군
9.0,21.69,9.31,26.88,17.58,79.53,월별,,,,,,,영광군
10.0,14.39,11.25,20.24,8.99,72.29,월별,,,,,,,영광군
11.0,10.29,12.93,17.2,4.27,72.46,월별,,,,,,,영광군
12.0,0.13,9.22,4.87,-4.35,69.41,월별,,,,,,,영광군
,,,,,,분기별,2022Q1,2.8,10.26,8.11,-2.15,66.5,영광군
,,,,,,분기별,2022Q2,17.85,10.94,23.73,12.79,68.86,영광군
,,,,,,분기별,2022Q3,24.88,7.79,29.19,21.4,80.69,영광군
,,,,,,분기별,2022Q4,8.25,11.11,14.07,2.96,71.38,영광군
1.0,1.23,9.69,6.54,-3.15,46.47,월별,,,,,,,영덕
2.0,1.27,10.52,6.91,-3.61,44.25,월별,,,,,,,영덕
3.0,8.26,11.37,14.19,2.82,62.84,월별,,,,,,,영덕
4.0,14.21,12.35,20.27,7.92,58.81,월별,,,,,,,영덕
5.0,18.36,13.24,25.05,11.82,53.87,월별,,,,,,,영덕
6.0,21.99,9.6,27.19,17.59,74.46,월별,,,,,,,영덕
7.0,24.7,8.07,29.58,21.51,83.68,월별,,,,,,,영덕
8.0,24.69,8.23,29.32,21.1,81.98,월별,,,,,,,영덕
9.0,19.95,8.94,24.93,15.99,82.35,월별,,,,,,,영덕
10.0,14.35,10.07,20.02,9.95,73.66,월별,,,,,,,영덕
11.0,11.39,11.41,17.46,6.05,62.03,월별,,,,,,,영덕
12.0,0.67,8.71,5.32,-3.39,47.81,월별,,,,,,,영덕
,,,,,,분기별,2022Q1,3.66,10.53,9.29,-1.24,51.42,영덕
,,,,,,분기별,2022Q2,18.19,11.75,24.18,12.44,62.29,영덕
,,,,,,분기별,2022Q3,23.15,8.41,27.98,19.57,82.67,영덕
,,,,,,분기별,2022Q4,8.78,10.05,14.23,4.18,61.15,영덕
1.0,-2.51,12.54,3.83,-8.72,58.48,월별,,,,,,,영월
2.0,-1.5,12.68,4.88,-7.8,48.31,월별,,,,,,,영월
3.0,6.78,13.52,13.87,0.35,60.6,월별,,,,,,,영월
4.0,13.36,15.94,21.54,5.6,52.26,월별,,,,,,,영월
5.0,17.32,15.84,25.52,9.68,54.6,월별,,,,,,,영월
6.0,22.06,12.51,29.13,16.62,69.08,월별,,,,,,,영월
7.0,25.12,9.19,30.66,21.47,81.02,월별,,,,,,,영월
8.0,23.75,7.07,27.86,20.78,85.51,월별,,,,,,,영월
9.0,19.52,11.7,26.43,14.73,76.97,월별,,,,,,,영월
10.0,12.25,11.97,19.56,7.59,78.16,월별,,,,,,,영월
11.0,7.54,13.81,15.41,1.61,70.72,월별,,,,,,,영월
12.0,-4.21,10.88,1.54,-9.34,67.19,월별,,,,,,,영월
,,,,,,분기별,2022Q1,1.0,12.92,7.61,-5.31,56.05,영월
,,,,,,분기별,2022Q2,17.58,14.77,25.4,10.63,58.6,영월
,,,,,,분기별,2022Q3,22.83,9.29,28.34,19.04,81.21,영월
,,,,,,분기별,2022Q4,5.17,12.2,12.14,-0.07,72.04,영월
1.0,-2.09,11.84,3.47,-8.36,54.64,월별,,,,,,,영주
2.0,-1.3,10.9,4.25,-6.65,48.46,월별,,,,,,,영주
3.0,6.69,12.46,12.77,0.32,63.1,월별,,,,,,,영주
4.0,13.44,15.06,20.67,5.61,55.49,월별,,,,,,,영주
5.0,17.75,14.35,24.79,10.44,54.25,월별,,,,,,,영주
6.0,21.73,11.0,27.44,16.45,75.05,월별,,,,,,,영주
7.0,25.09,8.24,29.78,21.55,83.62,월별,,,,,,,영주
8.0,23.8,7.64,28.02,20.39,87.86,월별,,,,,,,영주
9.0,19.24,11.54,25.8,14.26,80.69,월별,,,,,,,영주
10.0,8.83,12.8,19.0,6.21,75.39,월별,,,,,,,영주
11.0,7.77,13.81,15.08,1.27,70.41,월별,,,,,,,영주
12.0,-3.05,9.68,1.7,-7.98,61.56,월별,,,,,,,영주
,,,,,,분기별,2022Q1,1.18,11.76,6.92,-4.84,55.63,영주
,,,,,,분기별,2022Q2,17.64,13.48,24.31,10.83,61.51,영주
,,,,,,분기별,2022Q3,22.75,9.11,27.89,18.78,84.09,영주
,,,,,,분기별,2022Q4,4.48,12.08,11.89,-0.18,69.11,영주
1.0,-0.28,12.88,6.49,-6.38,50.1,월별,,,,,,,영천
2.0,0.65,12.33,7.1,-5.23,45.74,월별,,,,,,,영천
3.0,8.24,13.44,15.04,1.6,61.18,월별,,,,,,,영천
4.0,14.23,14.91,21.37,6.46,57.01,월별,,,,,,,영천
5.0,18.98,15.51,26.64,11.13,52.63,월별,,,,,,,영천
6.0,22.8,10.13,28.05,17.92,71.5,월별,,,,,,,영천
7.0,25.73,8.66,30.52,21.86,79.93,월별,,,,,,,영천
8.0,25.54,8.21,29.84,21.63,79.82,월별,,,,,,,영천
9.0,20.3,10.06,25.76,15.7,79.2,월별,,,,,,,영천
10.0,13.99,12.99,20.93,7.94,71.4,월별,,,,,,,영천
11.0,9.34,14.81,17.37,2.56,66.8,월별,,,,,,,영천
12.0,-0.54,10.8,5.17,-5.62,56.01,월별,,,,,,,영천
,,,,,,분기별,2022Q1,2.94,12.9,9.62,-3.27,52.56,영천
,,,,,,분기별,2022Q2,18.67,13.54,25.37,11.83,60.3,영천
,,,,,,분기별,2022Q3,23.89,8.96,28.74,19.78,79.65,영천
,,,,,,분기별,2022Q4,7.58,12.84,14.46,1.61,64.72,영천
1.0,3.23,7.8,7.57,-0.23,60.07,월별,,,,,,,완도
2.0,3.31,8.18,7.78,-0.4,56.16,월별,,,,,,,완도
3.0,9.78,9.85,15.0,5.15,68.58,월별,,,,,,,완도
4.0,14.89,10.87,20.99,10.12,64.19,월별,,,,,,,완도
5.0,18.76,10.55,24.45,13.91,60.45,월별,,,,,,,완도
6.0,18.65,7.25,26.84,19.59,78.23,월별,,,,,,,완도
7.0,26.51,6.62,30.32,23.69,82.12,월별,,,,,,,완도
8.0,22.94,6.54,30.64,24.1,77.82,월별,,,,,,,완도
9.0,22.84,7.31,26.88,19.57,76.52,월별,,,,,,,완도
10.0,16.72,9.26,21.84,12.58,66.24,월별,,,,,,,완도
11.0,12.87,9.64,18.17,8.53,69.05,월별,,,,,,,완도
12.0,3.61,7.39,7.38,-0.01,63.92,월별,,,,,,,완도
,,,,,,분기별,2022Q1,5.51,8.62,10.19,1.57,61.79,완도
,,,,,,분기별,2022Q2,17.45,9.57,24.1,14.53,67.54,완도
,,,,,,분기별,2022Q3,24.11,6.82,29.31,22.48,78.84,완도
,,,,,,분기별,2022Q4,11.05,8.76,15.77,7.02,66.37,완도
1.0,2.04,4.73,4.69,-0.04,68.98,월별,,,,,,,울릉도
2.0,1.71,5.09,4.53,-0.56,65.16,월별,,,,,,,울릉도
3.0,7.32,6.63,10.9,4.27,72.53,월별,,,,,,,울릉도
4.0,12.8,7.97,16.97,9.0,68.79,월별,,,,,,,울릉도
5.0,17.93,8.01,22.05,14.04,60.23,월별,,,,,,,울릉도
6.0,20.53,5.56,23.7,18.14,84.84,월별,,,,,,,울릉도
7.0,24.54,5.12,27.45,22.34,89.68,월별,,,,,,,울릉도
8.0,24.85,4.89,27.59,22.7,83.31,월별,,,,,,,울릉도
9.0,20.75,5.18,23.73,18.55,81.78,월별,,,,,,,울릉도
10.0,14.83,5.95,18.18,12.24,75.6,월별,,,,,,,울릉도
11.0,12.65,6.89,16.6,9.71,69.76,월별,,,,,,,울릉도
12.0,2.85,4.93,5.55,0.62,66.29,월별,,,,,,,울릉도
,,,,,,분기별,2022Q1,3.76,5.5,6.78,1.28,69.01,울릉도
,,,,,,분기별,2022Q2,17.1,7.19,20.92,13.73,71.16,울릉도
,,,,,,분기별,2022Q3,23.41,5.06,26.28,21.22,84.96,울릉도
,,,,,,분기별,2022Q4,10.08,5.91,13.41,7.5,70.56,울릉도
1.0,2.59,9.72,8.01,-1.72,38.84,월별,,,,,,,울산
2.0,2.66,9.48,7.69,-1.79,36.82,월별,,,,,,,울산
3.0,9.87,10.09,14.99,4.9,59.77,월별,,,,,,,울산
4.0,14.74,10.33,20.1,9.77,58.86,월별,,,,,,,울산
5.0,19.19,11.07,24.87,13.8,54.39,월별,,,,,,,울산
6.0,22.42,7.48,26.55,19.07,77.49,월별,,,,,,,울산
7.0,25.97,7.11,29.99,22.88,82.98,월별,,,,,,,울산
8.0,26.36,6.82,30.2,23.38,78.68,월별,,,,,,,울산
9.0,21.65,7.1,25.55,18.45,78.93,월별,,,,,,,울산
10.0,16.02,9.11,20.95,11.85,66.9,월별,,,,,,,울산
11.0,12.73,10.69,18.34,7.65,58.33,월별,,,,,,,울산
12.0,2.02,8.9,6.83,-2.08,43.91,월별,,,,,,,울산
,,,,,,분기별,2022Q1,5.12,9.77,10.32,0.54,45.42,울산
,,,,,,분기별,2022Q2,18.79,9.65,23.85,14.21,63.48,울산
,,,,,,분기별,2022Q3,24.69,7.01,28.62,21.6,80.21,울산
,,,,,,분기별,2022Q4,10.23,9.55,15.34,5.79,56.36,울산
1.0,1.15,10.34,6.85,-3.49,48.15,월별,,,,,,,울진
2.0,1.37,10.4,6.96,-3.44,41.63,월별,,,,,,,울진
3.0,7.89,9.54,12.65,3.12,62.2,월별,,,,,,,울진
4.0,13.98,10.02,19.03,9.01,59.04,월별,,,,,,,울진
5.0,14.01,10.57,23.28,12.71,55.02,월별,,,,,,,울진
6.0,20.87,7.9,25.15,17.25,79.02,월별,,,,,,,울진
7.0,24.21,5.89,27.59,21.71,86.67,월별,,,,,,,울진
8.0,24.99,6.35,28.39,22.04,80.65,월별,,,,,,,울진
9.0,20.28,8.04,24.34,16.3,79.74,월별,,,,,,,울진
10.0,14.29,8.88,18.91,10.03,74.48,월별,,,,,,,울진
11.0,11.55,10.84,17.08,6.24,60.99,월별,,,,,,,울진
12.0,1.2,9.59,6.43,-3.16,42.72,월별,,,,,,,울진
,,,,,,분기별,2022Q1,3.54,10.08,8.89,-1.2,50.96,울진
,,,,,,분기별,2022Q2,16.26,9.51,22.5,12.99,64.26,울진
,,,,,,분기별,2022Q3,23.19,6.75,26.8,20.06,82.38,울진
,,,,,,분기별,2022Q4,8.98,9.76,14.11,4.35,59.38,울진
1.0,-2.4,10.21,2.77,-7.44,57.57,월별,,,,,,,원주
2.0,-1.1,10.55,4.27,-6.28,47.99,월별,,,,,,,원주
3.0,7.42,10.72,12.91,2.19,58.94,월별,,,,,,,원주
4.0,14.06,12.68,20.51,7.83,49.76,월별,,,,,,,원주
5.0,18.3,12.5,24.45,11.95,50.4,월별,,,,,,,원주
6.0,23.01,9.09,27.74,18.65,64.29,월별,,,,,,,원주
7.0,26.2,7.8,30.53,22.73,74.32,월별,,,,,,,원주
8.0,24.94,6.13,28.28,22.15,77.14,월별,,,,,,,원주
9.0,20.88,10.2,26.43,16.24,68.13,월별,,,,,,,원주
10.0,13.19,10.76,19.05,8.29,71.13,월별,,,,,,,원주
11.0,8.47,11.69,14.87,3.17,65.58,월별,,,,,,,원주
12.0,-3.71,9.12,1.07,-8.05,63.09,월별,,,,,,,원주
,,,,,,분기별,2022Q1,1.39,10.49,6.73,-3.76,55.06,원주
,,,,,,분기별,2022Q2,18.45,11.44,24.23,12.8,54.77,원주
,,,,,,분기별,2022Q3,24.04,8.02,28.44,20.42,73.25,원주
,,,,,,분기별,2022Q4,5.96,10.51,11.63,1.12,66.61,원주
1.0,-0.15,15.81,8.68,-7.13,47.82,월별,,,,,,,의령군
2.0,1.32,15.65,9.33,-6.32,36.73,월별,,,,,,,의령군
3.0,9.11,15.45,16.81,1.35,52.73,월별,,,,,,,의령군
4.0,14.69,15.38,22.39,7.02,55.86,월별,,,,,,,의령군
5.0,19.34,16.54,27.6,11.06,53.95,월별,,,,,,,의령군
6.0,23.5,9.98,28.96,18.98,71.59,월별,,,,,,,의령군
7.0,27.11,9.82,32.42,22.6,76.61,월별,,,,,,,의령군
8.0,26.55,8.01,30.93,22.92,85.46,월별,,,,,,,의령군
9.0,21.54,11.03,27.63,16.6,79.92,월별,,,,,,,의령군
10.0,14.64,14.92,22.99,8.07,72.62,월별,,,,,,,의령군
11.0,9.78,16.56,18.99,2.44,69.47,월별,,,,,,,의령군
12.0,-0.29,13.71,7.38,-6.34,61.21,월별,,,,,,,의령군
,,,,,,분기별,2022Q1,3.49,15.64,11.68,-3.96,46.06,의령군
,,,,,,분기별,2022Q2,19.18,13.99,26.33,12.34,60.4,의령군
,,,,,,분기별,2022Q3,25.11,9.61,30.36,20.75,80.67,의령군
,,,,,,분기별,2022Q4,8.03,15.05,16.43,1.38,67.75,의령군
1.0,-2.67,15.4,5.68,-9.72,58.16,월별,,,,,,,의성
2.0,-1.25,15.46,6.68,-8.78,50.14,월별,,,,,,,의성
3.0,7.13,15.29,14.91,-0.38,65.18,월별,,,,,,,의성
4.0,13.35,17.24,22.2,4.96,59.37,월별,,,,,,,의성
5.0,18.08,17.66,26.76,9.1,56.29,월별,,,,,,,의성
6.0,22.98,12.41,29.33,16.92,71.5,월별,,,,,,,의성
7.0,26.44,10.23,32.09,21.86,79.0,월별,,,,,,,의성
8.0,25.15,9.04,30.22,21.18,84.62,월별,,,,,,,의성
9.0,20.22,12.4,27.11,14.7,79.62,월별,,,,,,,의성
10.0,12.78,14.6,20.92,6.32,78.14,월별,,,,,,,의성
11.0,7.5,16.68,17.04,0.36,72.59,월별,,,,,,,의성
12.0,-3.4,13.43,4.05,-9.39,67.57,월별,,,,,,,의성
,,,,,,분기별,2022Q1,1.14,15.38,9.17,-6.21,58.08,의성
,,,,,,분기별,2022Q2,18.14,15.79,26.11,10.31,62.32,의성
,,,,,,분기별,2022Q3,23.98,10.54,29.83,19.3,81.09,의성
,,,,,,분기별,2022Q4,5.6,14.88,13.97,-0.92,72.77,의성
1.0,-2.78,12.3,3.4,-8.91,61.61,월별,,,,,,,이천
2.0,-1.29,12.86,5.2,-7.66,53.5,월별,,,,,,,이천
3.0,7.04,12.89,13.58,0.69,67.06,월별,,,,,,,이천
4.0,13.84,15.02,21.62,6.6,58.46,월별,,,,,,,이천
5.0,18.3,14.66,25.61,10.94,58.43,월별,,,,,,,이천
6.0,22.78,9.99,28.04,18.05,75.0,월별,,,,,,,이천
7.0,26.19,8.44,30.77,22.33,84.3,월별,,,,,,,이천
8.0,25.04,7.01,28.95,21.94,86.65,월별,,,,,,,이천
9.0,20.56,11.75,27.1,15.35,79.34,월별,,,,,,,이천
10.0,12.93,12.4,19.8,7.4,78.67,월별,,,,,,,이천
11.0,8.01,13.71,15.38,1.66,73.9,월별,,,,,,,이천
12.0,-4.39,11.05,1.31,-9.74,69.3,월별,,,,,,,이천
,,,,,,분기별,2022Q1,1.06,12.68,7.47,-5.21,60.96,이천
,,,,,,분기별,2022Q2,18.31,13.24,25.09,11.85,63.9,이천
,,,,,,분기별,2022Q3,23.96,9.04,28.96,19.92,83.47,이천
,,,,,,분기별,2022Q4,5.49,12.37,12.12,-0.25,73.96,이천
1.0,-4.34,12.75,2.32,-10.43,63.65,월별,,,,,,,인제
2.0,-2.92,12.45,3.58,-8.88,53.26,월별,,,,,,,인제
3.0,5.5,12.31,11.91,-0.4,63.19,월별,,,,,,,인제
4.0,12.84,14.59,20.17,5.58,53.73,월별,,,,,,,인제
5.0,16.48,15.02,23.92,8.9,58.68,월별,,,,,,,인제
6.0,20.99,9.56,26.31,16.75,75.18,월별,,,,,,,인제
7.0,24.93,9.02,30.31,21.29,81.68,월별,,,,,,,인제
8.0,23.94,7.54,28.23,20.69,83.39,월별,,,,,,,인제
9.0,18.96,11.33,25.87,14.54,78.4,월별,,,,,,,인제
10.0,11.63,11.39,18.48,7.08,78.99,월별,,,,,,,인제
11.0,7.35,13.43,14.85,1.41,71.52,월별,,,,,,,인제
12.0,-4.84,11.29,1.05,-10.24,63.27,월별,,,,,,,인제
,,,,,,분기별,2022Q1,-0.51,12.5,6.01,-6.49,60.26,인제
,,,,,,분기별,2022Q2,16.76,13.08,23.47,10.39,62.49,인제
,,,,,,분기별,2022Q3,22.65,9.28,28.16,18.89,81.19,인제
,,,,,,분기별,2022Q4,4.68,12.02,11.42,-0.6,71.26,인제
1.0,-2.17,7.25,1.66,-5.59,54.0,월별,,,,,,,인천
2.0,-1.26,6.93,2.42,-4.51,56.5,월별,,,,,,,인천
3.0,6.7,7.48,10.8,3.32,64.41,월별,,,,,,,인천
4.0,12.87,7.88,17.32,9.44,60.61,월별,,,,,,,인천
5.0,17.09,7.86,21.35,13.5,61.49,월별,,,,,,,인천
6.0,21.91,6.2,25.42,19.23,76.58,월별,,,,,,,인천
7.0,26.23,5.69,29.47,23.78,78.82,월별,,,,,,,인천
8.0,24.89,4.63,27.33,22.7,81.97,월별,,,,,,,인천
9.0,22.04,7.36,26.04,18.69,68.61,월별,,,,,,,인천
10.0,14.36,7.59,18.45,10.85,66.39,월별,,,,,,,인천
11.0,10.16,7.84,14.36,6.53,63.8,월별,,,,,,,인천
12.0,-2.58,6.89,0.92,-5.96,56.31,월별,,,,,,,인천
,,,,,,분기별,2022Q1,1.17,7.23,5.04,-2.18,58.37,인천
,,,,,,분기별,2022Q2,17.29,7.32,21.37,14.05,66.17,인천
,,,,,,분기별,2022Q3,24.41,5.88,27.63,21.76,76.55,인천
,,,,,,분기별,2022Q4,7.28,7.43,11.21,3.78,62.15,인천
1.0,-1.71,12.28,4.82,-7.46,65.18,월별,,,,,,,임실
2.0,-1.24,12.47,5.22,-7.25,61.52,월별,,,,,,,임실
3.0,6.86,13.68,13.86,0.18,68.72,월별,,,,,,,임실
4.0,12.87,15.07,20.79,5.73,63.25,월별,,,,,,,임실
5.0,16.46,15.55,24.28,8.74,61.79,월별,,,,,,,임실
6.0,21.84,9.82,27.31,17.49,77.74,월별,,,,,,,임실
7.0,25.03,7.98,29.48,21.49,82.6,월별,,,,,,,임실
8.0,24.54,7.12,28.51,21.39,84.68,월별,,,,,,,임실
9.0,20.57,10.64,26.49,15.85,77.75,월별,,,,,,,임실
10.0,12.98,13.55,20.44,6.89,75.44,월별,,,,,,,임실
11.0,8.37,15.06,16.69,1.64,73.32,월별,,,,,,,임실
12.0,-2.32,11.5,3.83,-7.66,74.17,월별,,,,,,,임실
,,,,,,분기별,2022Q1,1.39,12.82,8.06,-4.76,65.26,임실
,,,,,,분기별,2022Q2,17.05,13.5,24.13,10.63,67.53,임실
,,,,,,분기별,2022Q3,23.41,8.56,28.18,19.62,81.72,임실
,,,,,,분기별,2022Q4,6.32,13.35,13.62,0.27,74.32,임실
1.0,-2.98,13.36,4.04,-9.33,64.72,월별,,,,,,,장수
2.0,-2.53,12.68,3.75,-8.93,58.66,월별,,,,,,,장수
3.0,5.95,13.94,13.08,-0.85,68.55,월별,,,,,,,장수
4.0,12.2,15.75,20.14,4.39,63.29,월별,,,,,,,장수
5.0,16.02,15.38,23.53,8.15,61.13,월별,,,,,,,장수
6.0,21.54,9.55,26.68,17.13,76.46,월별,,,,,,,장수
7.0,24.26,8.76,28.97,20.21,83.86,월별,,,,,,,장수
8.0,23.9,7.61,28.13,20.52,85.41,월별,,,,,,,장수
9.0,19.1,11.7,25.45,13.75,80.24,월별,,,,,,,장수
10.0,11.45,14.52,19.4,4.88,77.21,월별,,,,,,,장수
11.0,6.9,16.03,15.87,-0.16,73.77,월별,,,,,,,장수
12.0,-3.61,11.77,2.45,-9.32,71.51,월별,,,,,,,장수
,,,,,,분기별,2022Q1,0.24,13.35,7.06,-6.28,64.16,장수
,,,,,,분기별,2022Q2,16.58,13.58,23.45,9.87,66.9,장수
,,,,,,분기별,2022Q3,22.46,9.33,27.54,18.21,83.2,장수
,,,,,,분기별,2022Q4,4.89,14.09,12.54,-1.55,74.17,장수
1.0,1.2,11.42,7.24,-4.17,52.84,월별,,,,,,,장흥
2.0,1.63,12.27,7.59,-4.68,55.18,월별,,,,,,,장흥
3.0,8.63,13.18,15.23,2.05,69.19,월별,,,,,,,장흥
4.0,13.86,14.6,21.31,6.71,66.14,월별,,,,,,,장흥
5.0,17.61,14.63,24.91,10.28,64.89,월별,,,,,,,장흥
6.0,22.57,7.96,27.0,19.04,80.59,월별,,,,,,,장흥
7.0,26.37,7.3,30.23,22.93,84.11,월별,,,,,,,장흥
8.0,26.18,7.69,30.37,22.68,86.41,월별,,,,,,,장흥
9.0,22.04,9.81,27.2,17.39,79.46,월별,,,,,,,장흥
10.0,14.63,13.14,21.68,8.54,72.75,월별,,,,,,,장흥
11.0,10.44,14.87,18.39,3.52,72.94,월별,,,,,,,장흥
12.0,1.1,10.44,6.45,-3.99,68.22,월별,,,,,,,장흥
,,,,,,분기별,2022Q1,3.89,12.29,10.1,-2.18,59.2,장흥
,,,,,,분기별,2022Q2,18.01,12.42,24.41,11.99,70.48,장흥
,,,,,,분기별,2022Q3,24.89,8.25,29.29,21.04,83.37,장흥
,,,,,,분기별,2022Q4,8.7,12.79,15.47,2.68,71.29,장흥
1.0,0.12,9.39,5.03,-4.35,59.67,월별,,,,,,,전주
2.0,0.65,10.24,6.2,-4.04,56.69,월별,,,,,,,전주
3.0,8.55,11.38,14.66,3.27,64.96,월별,,,,,,,전주
4.0,14.49,12.34,21.29,8.96,59.31,월별,,,,,,,전주
5.0,18.65,12.33,25.25,12.92,55.56,월별,,,,,,,전주
6.0,23.66,9.02,28.82,19.79,72.8,월별,,,,,,,전주
7.0,26.97,7.4,31.11,23.72,77.69,월별,,,,,,,전주
8.0,26.33,6.67,30.12,23.45,79.21,월별,,,,,,,전주
9.0,22.61,9.73,27.83,18.09,70.23,월별,,,,,,,전주
10.0,15.23,10.66,21.05,10.39,66.75,월별,,,,,,,전주
11.0,11.15,11.38,17.45,6.07,62.91,월별,,,,,,,전주
12.0,-0.2,8.63,4.42,-4.21,66.64,월별,,,,,,,전주
,,,,,,분기별,2022Q1,3.18,10.34,8.71,-1.63,60.56,전주
,,,,,,분기별,2022Q2,18.93,11.24,25.12,13.88,62.48,전주
,,,,,,분기별,2022Q3,25.33,7.91,29.71,21.79,75.77,전주
,,,,,,분기별,2022Q4,8.7,10.21,14.27,4.06,65.46,전주
1.0,-4.04,12.77,2.67,-10.1,56.82,월별,,,,,,,정선군
2.0,-2.81,12.41,3.75,-8.66,45.49,월별,,,,,,,정선군
3.0,5.62,13.07,12.45,-0.62,56.84,월별,,,,,,,정선군
4.0,12.51,15.38,20.4,5.03,49.95,월별,,,,,,,정선군
5.0,16.67,15.85,24.77,8.92,50.55,월별,,,,,,,정선군
6.0,21.52,11.06,27.52,16.46,63.36,월별,,,,,,,정선군
7.0,25.15,9.68,30.98,21.31,76.89,월별,,,,,,,정선군
8.0,23.59,7.64,28.04,20.4,80.94,월별,,,,,,,정선군
9.0,18.94,11.11,25.76,14.65,74.26,월별,,,,,,,정선군
10.0,11.57,11.41,18.49,7.08,74.12,월별,,,,,,,정선군
11.0,6.73,13.6,14.42,0.82,65.42,월별,,,,,,,정선군
12.0,-5.03,10.72,0.74,-9.98,57.6,월별,,,,,,,정선군
,,,,,,분기별,2022Q1,-0.33,12.76,6.38,-6.39,53.3,정선군
,,,,,,분기별,2022Q2,16.9,14.12,24.24,10.12,54.57,정선군
,,,,,,분기별,2022Q3,22.6,9.46,28.29,18.83,77.4,정선군
,,,,,,분기별,2022Q4,4.4,11.89,11.18,-0.71,65.72,정선군
1.0,-0.57,8.82,4.06,-4.76,65.03,월별,,,,,,,정읍
2.0,-0.06,9.6,4.94,-4.66,63.22,월별,,,,,,,정읍
3.0,7.73,11.66,13.79,2.13,67.68,월별,,,,,,,정읍
4.0,13.52,12.42,20.25,7.83,61.89,월별,,,,,,,정읍
5.0,17.85,12.92,24.56,11.65,58.25,월별,,,,,,,정읍
6.0,23.02,8.79,27.88,19.08,73.56,월별,,,,,,,정읍
7.0,26.36,8.15,30.86,22.71,77.65,월별,,,,,,,정읍
8.0,25.96,6.74,29.64,22.91,78.64,월별,,,,,,,정읍
9.0,21.51,9.94,26.98,17.05,75.64,월별,,,,,,,정읍
10.0,14.11,11.19,20.18,8.99,70.98,월별,,,,,,,정읍
11.0,10.13,12.15,16.56,4.41,67.49,월별,,,,,,,정읍
12.0,-0.69,8.97,3.93,-5.04,70.04,월별,,,,,,,정읍
,,,,,,분기별,2022Q1,2.45,10.04,7.68,-2.36,65.38,정읍
,,,,,,분기별,2022Q2,18.13,11.39,24.23,12.84,64.5,정읍
,,,,,,분기별,2022Q3,24.64,8.26,29.19,20.93,77.33,정읍
,,,,,,분기별,2022Q4,7.82,10.75,13.52,2.77,69.52,정읍
1.0,6.23,5.21,9.1,3.89,67.53,월별,,,,,,,제주
2.0,5.56,5.75,8.66,2.91,61.35,월별,,,,,,,제주
3.0,11.43,7.61,15.45,7.85,70.23,월별,,,,,,,제주
4.0,15.49,7.71,19.63,11.92,69.75,월별,,,,,,,제주
5.0,19.38,7.27,23.1,15.82,65.08,월별,,,,,,,제주
6.0,23.89,6.43,27.49,21.06,80.55,월별,,,,,,,제주
7.0,28.38,6.13,31.85,25.72,79.72,월별,,,,,,,제주
8.0,29.22,6.67,32.84,26.16,74.49,월별,,,,,,,제주
9.0,24.13,5.02,26.95,21.93,79.36,월별,,,,,,,제주
10.0,18.43,6.2,21.73,15.53,68.99,월별,,,,,,,제주
11.0,15.15,7.45,19.29,11.84,70.94,월별,,,,,,,제주
12.0,6.94,4.95,9.41,4.46,66.32,월별,,,,,,,제주
,,,,,,분기별,2022Q1,7.81,6.21,11.15,4.95,66.54,제주
,,,,,,분기별,2022Q2,19.59,7.14,23.4,16.26,71.72,제주
,,,,,,분기별,2022Q3,27.28,5.95,30.58,24.63,77.84,제주
,,,,,,분기별,2022Q4,13.49,6.19,16.78,10.6,68.72,제주
1.0,-4.59,13.52,2.13,-11.39,65.89,월별,,,,,,,제천
2.0,-3.28,13.54,3.3,-10.24,56.0,월별,,,,,,,제천
3.0,5.28,13.16,11.86,-1.3,68.48,월별,,,,,,,제천
4.0,12.08,16.0,20.03,4.03,58.68,월별,,,,,,,제천
5.0,16.43,15.56,24.05,8.49,59.32,월별,,,,,,,제천
6.0,21.31,10.82,27.0,16.19,75.84,월별,,,,,,,제천
7.0,24.85,8.5,29.64,21.14,85.57,월별,,,,,,,제천
8.0,19.43,6.98,27.22,20.24,86.33,월별,,,,,,,제천
9.0,18.9,12.1,25.66,13.57,80.94,월별,,,,,,,제천
10.0,11.2,13.17,18.42,5.25,82.39,월별,,,,,,,제천
11.0,6.2,14.77,14.36,-0.41,76.37,월별,,,,,,,제천
12.0,-6.24,11.72,-0.06,-11.78,73.24,월별,,,,,,,제천
,,,,,,분기별,2022Q1,-0.78,13.4,5.85,-7.56,63.71,제천
,,,,,,분기별,2022Q2,16.6,14.14,23.7,9.56,64.56,제천
,,,,,,분기별,2022Q3,21.08,9.16,27.53,18.37,84.32,제천
,,,,,,분기별,2022Q4,3.7,13.2,10.87,-2.33,77.34,제천
1.0,-1.33,7.33,5.77,-1.56,66.97,월별,,,,,,,진도군
2.0,-2.02,8.9,6.42,-2.48,61.53,월별,,,,,,,진도군
3.0,8.4,10.35,13.65,3.3,73.45,월별,,,,,,,진도군
4.0,13.36,11.07,19.13,8.06,71.42,월별,,,,,,,진도군
5.0,16.83,11.79,22.89,11.09,70.56,월별,,,,,,,진도군
6.0,22.0,6.7,25.68,18.99,83.48,월별,,,,,,,진도군
7.0,18.06,7.13,29.81,22.68,77.55,월별,,,,,,,진도군
8.0,26.27,6.3,29.67,23.37,84.83,월별,,,,,,,진도군
9.0,21.86,8.06,26.22,18.16,82.11,월별,,,,,,,진도군
10.0,15.25,9.79,20.43,10.63,72.31,월별,,,,,,,진도군
11.0,11.17,11.96,17.39,5.43,75.72,월별,,,,,,,진도군
12.0,2.32,8.81,6.79,-2.02,72.04,월별,,,,,,,진도군
,,,,,,분기별,2022Q1,1.94,8.86,8.76,-0.09,67.71,진도군
,,,,,,분기별,2022Q2,17.39,9.87,22.57,12.7,75.1,진도군
,,,,,,분기별,2022Q3,22.07,7.16,28.59,21.44,81.49,진도군
,,,,,,분기별,2022Q4,9.56,10.17,14.84,4.67,73.33,진도군
1.0,0.41,14.22,8.25,-5.97,52.17,월별,,,,,,,진주
2.0,1.35,14.01,8.4,-5.61,45.91,월별,,,,,,,진주
3.0,8.67,14.37,15.93,1.56,66.19,월별,,,,,,,진주
4.0,14.27,14.09,21.47,7.38,66.39,월별,,,,,,,진주
5.0,18.78,15.54,26.48,10.95,59.82,월별,,,,,,,진주
6.0,22.68,9.38,27.8,18.43,77.99,월별,,,,,,,진주
7.0,26.54,8.92,31.41,22.49,81.38,월별,,,,,,,진주
8.0,26.26,7.41,30.33,22.92,83.05,월별,,,,,,,진주
9.0,21.78,10.23,27.27,17.04,76.69,월별,,,,,,,진주
10.0,7.52,12.97,18.22,5.25,64.36,월별,,,,,,,진주
11.0,9.93,15.59,18.49,2.9,64.26,월별,,,,,,,진주
12.0,0.2,12.3,7.05,-5.26,54.2,월별,,,,,,,진주
,,,,,,분기별,2022Q1,3.55,14.21,10.94,-3.26,55.05,진주
,,,,,,분기별,2022Q2,18.58,13.03,25.26,12.24,67.98,진주
,,,,,,분기별,2022Q3,24.9,8.84,29.7,20.86,80.41,진주
,,,,,,분기별,2022Q4,5.82,13.61,14.5,0.89,60.86,진주
1.0,1.99,9.35,7.11,-2.25,38.91,월별,,,,,,,창원
2.0,2.25,10.0,7.67,-2.33,36.9,월별,,,,,,,창원
3.0,9.48,10.34,14.95,4.61,57.34,월별,,,,,,,창원
4.0,14.57,10.8,20.53,9.73,57.27,월별,,,,,,,창원
5.0,19.13,11.84,25.6,13.77,52.65,월별,,,,,,,창원
6.0,22.14,7.37,26.36,18.99,75.02,월별,,,,,,,창원
7.0,26.66,7.64,31.03,23.38,76.16,월별,,,,,,,창원
8.0,26.41,6.96,30.36,23.4,77.53,월별,,,,,,,창원
9.0,22.53,8.14,27.1,18.96,68.5,월별,,,,,,,창원
10.0,16.51,9.85,21.83,11.97,59.45,월별,,,,,,,창원
11.0,12.46,10.43,18.03,7.61,54.5,월별,,,,,,,창원
12.0,1.62,8.38,6.02,-2.36,43.96,월별,,,,,,,창원
,,,,,,분기별,2022Q1,4.65,9.89,9.98,0.09,44.63,창원
,,,,,,분기별,2022Q2,18.62,10.02,24.18,14.16,61.54,창원
,,,,,,분기별,2022Q3,25.23,7.58,29.52,21.95,74.12,창원
,,,,,,분기별,2022Q4,10.17,9.54,15.26,5.72,52.62,창원
1.0,-2.72,12.51,3.6,-8.91,65.02,월별,,,,,,,천안
2.0,-1.41,12.05,4.74,-7.31,61.25,월별,,,,,,,천안
3.0,6.86,12.89,13.41,0.52,69.75,월별,,,,,,,천안
4.0,13.11,15.29,20.92,5.63,61.58,월별,,,,,,,천안
5.0,17.37,15.02,24.78,9.76,60.57,월별,,,,,,,천안
6.0,22.51,10.03,27.73,17.7,77.14,월별,,,,,,,천안
7.0,25.83,8.25,30.31,22.06,85.72,월별,,,,,,,천안
8.0,24.67,7.14,28.52,21.38,89.22,월별,,,,,,,천안
9.0,20.64,10.89,26.7,15.81,79.38,월별,,,,,,,천안
10.0,12.94,11.84,19.42,7.58,80.64,월별,,,,,,,천안
11.0,8.0,13.81,15.58,1.77,76.41,월별,,,,,,,천안
12.0,-3.87,11.26,1.96,-9.29,75.75,월별,,,,,,,천안
,,,,,,분기별,2022Q1,0.99,12.5,7.33,-5.16,65.47,천안
,,,,,,분기별,2022Q2,17.66,13.46,24.48,11.02,66.36,천안
,,,,,,분기별,2022Q3,23.75,8.74,28.53,19.8,84.83,천안
,,,,,,분기별,2022Q4,5.67,12.29,12.29,-0.0,77.61,천안
1.0,-5.82,14.02,1.32,-12.69,72.54,월별,,,,,,,철원
2.0,-3.92,13.58,2.77,-10.81,62.24,월별,,,,,,,철원
3.0,5.18,12.93,11.62,-1.31,72.31,월별,,,,,,,철원
4.0,12.62,14.87,19.94,5.07,61.09,월별,,,,,,,철원
5.0,16.67,14.37,23.75,9.38,66.66,월별,,,,,,,철원
6.0,21.18,8.82,25.77,16.95,76.6,월별,,,,,,,철원
7.0,25.23,8.48,29.9,21.42,85.33,월별,,,,,,,철원
8.0,24.01,7.59,28.17,20.57,86.59,월별,,,,,,,철원
9.0,19.39,12.13,25.95,13.82,78.51,월별,,,,,,,철원
10.0,11.35,12.61,18.26,5.65,79.8,월별,,,,,,,철원
11.0,6.64,13.49,13.94,0.45,77.35,월별,,,,,,,철원
12.0,-6.85,12.19,-0.57,-12.75,69.96,월별,,,,,,,철원
,,,,,,분기별,2022Q1,-1.44,13.51,5.32,-8.19,69.26,철원
,,,,,,분기별,2022Q2,16.82,12.71,23.16,10.46,68.1,철원
,,,,,,분기별,2022Q3,22.91,9.37,28.03,18.66,83.53,철원
,,,,,,분기별,2022Q4,3.68,12.75,10.51,-2.25,75.69,철원
1.0,-3.22,15.3,4.82,-10.48,53.35,월별,,,,,,,청송군
2.0,-2.17,14.7,5.5,-9.2,46.31,월별,,,,,,,청송군
3.0,5.88,15.31,13.84,-1.47,62.35,월별,,,,,,,청송군
4.0,12.2,17.29,20.84,3.55,58.32,월별,,,,,,,청송군
5.0,16.87,18.23,26.05,7.83,53.18,월별,,,,,,,청송군
6.0,21.88,12.73,28.48,15.75,66.19,월별,,,,,,,청송군
7.0,25.45,10.5,31.29,20.79,72.97,월별,,,,,,,청송군
8.0,24.3,9.76,29.84,20.07,77.26,월별,,,,,,,청송군
9.0,19.08,11.92,25.76,13.84,77.54,월별,,,,,,,청송군
10.0,11.59,14.59,20.05,5.45,82.33,월별,,,,,,,청송군
11.0,6.81,17.15,16.68,-0.47,70.07,월별,,,,,,,청송군
12.0,-3.69,12.48,3.01,-9.47,58.47,월별,,,,,,,청송군
,,,,,,분기별,2022Q1,0.24,15.12,8.14,-6.98,54.26,청송군
,,,,,,분기별,2022Q2,16.98,16.11,25.14,9.03,59.16,청송군
,,,,,,분기별,2022Q3,22.98,10.72,29.0,18.28,75.91,청송군
,,,,,,분기별,2022Q4,4.88,14.72,13.21,-1.51,70.29,청송군
1.0,-0.92,9.2,3.88,-5.32,51.63,월별,,,,,,,청주
2.0,0.04,9.48,5.15,-4.32,48.48,월별,,,,,,,청주
3.0,8.52,10.56,14.03,3.47,57.47,월별,,,,,,,청주
4.0,15.2,12.51,21.85,9.33,47.53,월별,,,,,,,청주
5.0,19.67,12.16,26.01,13.85,46.1,월별,,,,,,,청주
6.0,24.24,9.12,29.27,20.15,64.24,월별,,,,,,,청주
7.0,27.63,7.56,31.83,24.27,72.05,월별,,,,,,,청주
8.0,26.41,6.51,29.92,23.41,75.63,월별,,,,,,,청주
9.0,22.76,9.41,27.86,18.45,63.95,월별,,,,,,,청주
10.0,15.09,9.74,20.28,10.55,63.6,월별,,,,,,,청주
11.0,10.28,10.63,15.97,5.35,59.94,월별,,,,,,,청주
12.0,-2.01,8.17,2.26,-5.92,60.88,월별,,,,,,,청주
,,,,,,분기별,2022Q1,2.63,9.75,7.77,-1.98,52.66,청주
,,,,,,분기별,2022Q2,19.7,11.28,25.71,14.44,52.55,청주
,,,,,,분기별,2022Q3,25.63,7.81,29.89,22.08,70.61,청주
,,,,,,분기별,2022Q4,7.76,9.5,12.8,3.3,61.49,청주
1.0,-1.65,10.11,3.37,-6.74,49.22,월별,,,,,,,추풍령
2.0,-1.04,10.26,4.23,-6.03,45.55,월별,,,,,,,추풍령
3.0,6.89,12.68,13.15,0.46,57.96,월별,,,,,,,추풍령
4.0,13.32,14.77,20.34,5.57,51.88,월별,,,,,,,추풍령
5.0,17.6,13.96,24.28,10.32,50.97,월별,,,,,,,추풍령
6.0,21.88,10.66,27.4,16.73,71.63,월별,,,,,,,추풍령
7.0,24.98,8.15,29.46,21.31,79.03,월별,,,,,,,추풍령
8.0,24.07,7.52,28.2,20.67,81.43,월별,,,,,,,추풍령
9.0,19.58,10.05,25.01,14.96,75.91,월별,,,,,,,추풍령
10.0,12.66,11.69,18.74,7.04,71.98,월별,,,,,,,추풍령
11.0,8.03,13.3,15.02,1.73,64.1,월별,,,,,,,추풍령
12.0,-2.63,9.54,2.06,-7.47,59.68,월별,,,,,,,추풍령
,,,,,,분기별,2022Q1,1.48,11.04,7.01,-4.04,51.09,추풍령
,,,,,,분기별,2022Q2,17.6,13.14,24.01,10.87,58.08,추풍령
,,,,,,분기별,2022Q3,22.91,8.56,27.58,19.02,78.82,추풍령
,,,,,,분기별,2022Q4,6.0,11.49,11.91,0.42,65.27,추풍령
1.0,-4.19,13.35,2.95,-10.4,63.47,월별,,,,,,,춘천
2.0,-2.44,14.38,4.85,-9.53,52.45,월별,,,,,,,춘천
3.0,6.58,12.8,13.15,0.35,61.87,월별,,,,,,,춘천
4.0,13.97,15.03,21.58,6.55,52.19,월별,,,,,,,춘천
5.0,18.11,14.56,25.32,10.76,56.42,월별,,,,,,,춘천
6.0,22.6,9.16,27.41,18.25,73.56,월별,,,,,,,춘천
7.0,26.65,8.26,31.3,23.04,83.94,월별,,,,,,,춘천
8.0,25.15,6.87,29.0,22.12,86.92,월별,,,,,,,춘천
9.0,20.46,10.87,26.66,15.79,81.02,월별,,,,,,,춘천
10.0,12.69,11.46,19.37,7.91,80.28,월별,,,,,,,춘천
11.0,7.53,12.89,14.71,1.83,74.35,월별,,,,,,,춘천
12.0,-4.9,11.22,1.18,-10.04,66.61,월별,,,,,,,춘천
,,,,,,분기별,2022Q1,0.06,13.48,7.06,-6.43,59.49,춘천
,,,,,,분기별,2022Q2,18.22,12.93,24.78,11.84,60.68,춘천
,,,,,,분기별,2022Q3,24.12,8.64,29.01,20.37,83.99,춘천
,,,,,,분기별,2022Q4,5.08,11.84,11.72,-0.12,73.74,춘천
1.0,-3.46,12.35,2.96,-9.38,62.19,월별,,,,,,,충주
2.0,-2.06,12.6,4.41,-8.19,52.81,월별,,,,,,,충주
3.0,6.67,12.85,13.22,0.37,63.51,월별,,,,,,,충주
4.0,13.38,15.21,21.06,5.85,55.66,월별,,,,,,,충주
5.0,17.76,15.19,25.33,10.14,56.24,월별,,,,,,,충주
6.0,22.89,10.61,28.31,17.7,69.94,월별,,,,,,,충주
7.0,26.0,8.19,30.52,22.33,80.52,월별,,,,,,,충주
8.0,24.96,7.17,28.75,21.58,82.12,월별,,,,,,,충주
9.0,20.51,11.28,26.73,15.45,75.78,월별,,,,,,,충주
10.0,12.7,12.75,19.54,6.78,77.72,월별,,,,,,,충주
11.0,7.6,13.69,15.23,1.54,72.83,월별,,,,,,,충주
12.0,-4.84,10.6,0.77,-9.83,69.63,월별,,,,,,,충주
,,,,,,분기별,2022Q1,0.47,12.6,6.95,-5.65,59.73,충주
,,,,,,분기별,2022Q2,18.01,13.69,24.9,11.22,60.56,충주
,,,,,,분기별,2022Q3,23.86,8.85,28.69,19.84,79.51,충주
,,,,,,분기별,2022Q4,5.13,12.33,11.81,-0.52,73.4,충주
1.0,-4.83,11.76,1.28,-10.48,55.29,월별,,,,,,,태백
2.0,-4.9,10.93,0.87,-10.06,48.58,월별,,,,,,,태백
3.0,3.85,12.02,9.86,-2.15,60.49,월별,,,,,,,태백
4.0,10.7,12.52,16.88,4.36,53.43,월별,,,,,,,태백
5.0,14.91,13.68,21.65,7.96,53.32,월별,,,,,,,태백
6.0,18.74,10.0,24.15,14.15,75.66,월별,,,,,,,태백
7.0,22.44,9.1,27.75,18.65,83.0,월별,,,,,,,태백
8.0,21.66,7.75,25.78,18.02,81.69,월별,,,,,,,태백
9.0,16.17,11.42,22.63,11.21,80.03,월별,,,,,,,태백
10.0,9.52,11.49,15.86,4.37,77.32,월별,,,,,,,태백
11.0,5.9,13.66,13.32,-0.34,64.5,월별,,,,,,,태백
12.0,-5.59,9.72,-0.45,-10.17,55.17,월별,,,,,,,태백
,,,,,,분기별,2022Q1,-1.86,11.59,4.11,-7.48,54.99,태백
,,,,,,분기별,2022Q2,14.78,12.08,20.9,8.82,60.72,태백
,,,,,,분기별,2022Q3,20.13,9.41,25.42,16.01,81.59,태백
,,,,,,분기별,2022Q4,3.25,11.6,9.54,-2.06,65.67,태백
1.0,3.38,9.63,8.79,-0.84,48.89,월별,,,,,,,통영
2.0,3.38,9.51,8.53,-0.98,45.94,월별,,,,,,,통영
3.0,10.05,8.79,14.64,5.85,68.96,월별,,,,,,,통영
4.0,14.53,8.86,19.41,10.55,69.1,월별,,,,,,,통영
5.0,18.62,9.48,23.86,14.38,63.33,월별,,,,,,,통영
6.0,17.76,5.76,25.17,19.41,79.91,월별,,,,,,,통영
7.0,26.09,6.56,30.0,23.44,83.56,월별,,,,,,,통영
8.0,26.18,5.82,29.51,23.69,85.28,월별,,,,,,,통영
9.0,22.89,7.35,27.15,19.8,79.93,월별,,,,,,,통영
10.0,17.26,8.98,22.32,13.34,72.63,월별,,,,,,,통영
11.0,13.38,10.04,19.05,9.01,68.76,월별,,,,,,,통영
12.0,3.24,8.55,8.01,-0.54,55.35,월별,,,,,,,통영
,,,,,,분기별,2022Q1,5.68,9.31,10.72,1.42,54.89,통영
,,,,,,분기별,2022Q2,16.99,8.05,22.83,14.78,70.7,통영
,,,,,,분기별,2022Q3,25.08,6.57,28.91,22.34,82.96,통영
,,,,,,분기별,2022Q4,11.27,9.18,16.43,7.25,65.54,통영
1.0,-5.24,14.21,1.9,-12.31,65.52,월별,,,,,,,파주
2.0,-3.65,14.3,3.47,-10.83,62.79,월별,,,,,,,파주
3.0,5.32,13.33,12.19,-1.14,70.1,월별,,,,,,,파주
4.0,12.36,14.41,19.82,5.41,65.33,월별,,,,,,,파주
5.0,16.36,14.93,24.01,9.07,69.25,월별,,,,,,,파주
6.0,21.22,8.85,26.08,17.24,83.93,월별,,,,,,,파주
7.0,25.37,8.24,30.11,21.87,89.01,월별,,,,,,,파주
8.0,24.07,7.48,28.25,20.77,90.09,월별,,,,,,,파주
9.0,19.51,11.61,26.02,14.41,84.12,월별,,,,,,,파주
10.0,11.61,12.72,18.76,6.05,81.95,월별,,,,,,,파주
11.0,7.06,13.54,14.44,0.9,78.04,월별,,,,,,,파주
12.0,-5.83,11.61,0.38,-11.23,69.69,월별,,,,,,,파주
,,,,,,분기별,2022Q1,-1.11,13.94,5.93,-8.0,66.25,파주
,,,,,,분기별,2022Q2,16.65,12.75,23.31,10.56,72.8,파주
,,,,,,분기별,2022Q3,23.02,9.08,28.15,19.07,87.78,파주
,,,,,,분기별,2022Q4,4.25,12.61,11.16,-1.45,76.55,파주
1.0,2.55,9.16,7.62,-1.54,41.64,월별,,,,,,,포항
2.0,2.52,9.1,7.33,-1.77,40.72,월별,,,,,,,포항
3.0,9.93,9.31,14.81,5.5,58.61,월별,,,,,,,포항
4.0,15.58,9.58,20.63,11.05,56.34,월별,,,,,,,포항
5.0,20.4,10.07,25.51,15.45,51.64,월별,,,,,,,포항
6.0,23.73,7.45,27.79,20.34,72.51,월별,,,,,,,포항
7.0,26.15,5.71,29.4,23.69,82.31,월별,,,,,,,포항
8.0,26.94,6.51,30.53,24.02,76.17,월별,,,,,,,포항
9.0,21.87,5.84,24.92,19.08,77.63,월별,,,,,,,포항
10.0,16.41,8.0,20.65,12.65,65.75,월별,,,,,,,포항
11.0,12.88,10.13,18.38,8.25,57.31,월별,,,,,,,포항
12.0,1.88,8.44,6.55,-1.89,45.95,월별,,,,,,,포항
,,,,,,분기별,2022Q1,5.08,9.19,10.0,0.81,47.2,포항
,,,,,,분기별,2022Q2,19.91,9.04,24.65,15.61,60.07,포항
,,,,,,분기별,2022Q3,25.02,6.02,28.32,22.3,78.71,포항
,,,,,,분기별,2022Q4,10.37,8.84,15.16,6.32,56.33,포항
1.0,-0.08,13.51,7.15,-6.36,44.61,월별,,,,,,,함양군
2.0,0.37,12.83,7.16,-5.67,40.16,월별,,,,,,,함양군
3.0,7.99,15.12,15.71,0.59,53.46,월별,,,,,,,함양군
4.0,14.14,16.27,22.38,6.11,58.82,월별,,,,,,,함양군
5.0,18.43,16.45,26.36,9.91,53.42,월별,,,,,,,함양군
6.0,23.04,11.41,29.1,17.68,73.61,월별,,,,,,,함양군
7.0,26.16,9.65,31.34,21.69,83.26,월별,,,,,,,함양군
8.0,25.38,8.96,30.33,21.37,90.43,월별,,,,,,,함양군
9.0,20.41,11.36,26.72,15.36,76.63,월별,,,,,,,함양군
10.0,13.33,15.3,21.9,6.61,66.63,월별,,,,,,,함양군
11.0,8.54,16.25,17.89,1.64,61.95,월별,,,,,,,함양군
12.0,-0.43,11.72,5.56,-6.16,61.94,월별,,,,,,,함양군
,,,,,,분기별,2022Q1,2.84,13.85,10.1,-3.75,46.27,함양군
,,,,,,분기별,2022Q2,18.54,14.73,25.95,11.22,61.86,함양군
,,,,,,분기별,2022Q3,24.02,9.98,29.49,19.52,83.51,함양군
,,,,,,분기별,2022Q4,7.13,14.4,15.09,0.68,63.52,함양군
1.0,0.11,13.87,7.87,-6.0,52.05,월별,,,,,,,합천
2.0,1.24,13.71,8.32,-5.39,43.52,월별,,,,,,,합천
3.0,9.19,14.27,16.26,1.99,59.14,월별,,,,,,,합천
4.0,14.9,15.02,22.5,7.48,58.2,월별,,,,,,,합천
5.0,19.47,15.73,27.15,11.43,51.42,월별,,,,,,,합천
6.0,23.28,10.46,29.0,18.54,70.76,월별,,,,,,,합천
7.0,26.73,9.71,32.1,22.39,75.59,월별,,,,,,,합천
8.0,25.56,8.02,30.08,22.06,82.05,월별,,,,,,,합천
9.0,21.04,10.32,26.77,16.45,76.22,월별,,,,,,,합천
10.0,14.22,13.63,21.84,8.21,72.12,월별,,,,,,,합천
11.0,9.4,14.75,17.82,3.07,69.62,월별,,,,,,,합천
12.0,-0.3,12.21,6.48,-5.73,61.38,월별,,,,,,,합천
,,,,,,분기별,2022Q1,3.59,13.96,10.9,-3.06,51.84,합천
,,,,,,분기별,2022Q2,19.22,13.76,26.23,12.47,60.03,합천
,,,,,,분기별,2022Q3,24.48,9.34,29.68,20.34,77.97,합천
,,,,,,분기별,2022Q4,7.75,13.51,15.35,1.84,67.68,합천
1.0,-0.06,11.0,5.61,-5.39,67.62,월별,,,,,,,해남
2.0,0.24,12.06,6.24,-5.82,62.12,월별,,,,,,,해남
3.0,7.52,12.75,14.08,1.33,72.26,월별,,,,,,,해남
4.0,12.62,14.31,20.16,5.85,71.02,월별,,,,,,,해남
5.0,8.05,13.4,23.35,9.95,68.74,월별,,,,,,,해남
6.0,22.86,7.35,27.12,19.77,81.13,월별,,,,,,,해남
7.0,26.54,7.02,30.42,23.4,84.46,월별,,,,,,,해남
8.0,22.55,6.94,30.29,23.35,84.66,월별,,,,,,,해남
9.0,22.08,9.17,27.13,17.96,82.57,월별,,,,,,,해남
10.0,14.88,12.38,21.34,8.96,74.12,월별,,,,,,,해남
11.0,10.81,14.16,18.2,4.04,75.78,월별,,,,,,,해남
12.0,1.4,10.38,6.73,-3.65,72.95,월별,,,,,,,해남
,,,,,,분기별,2022Q1,2.65,11.93,8.72,-3.21,67.51,해남
,,,,,,분기별,2022Q2,14.66,11.65,23.55,11.9,73.74,해남
,,,,,,분기별,2022Q3,23.74,7.69,29.3,21.61,83.91,해남
,,,,,,분기별,2022Q4,9.01,12.29,15.39,3.1,74.27,해남
1.0,-1.78,11.4,4.05,-7.36,67.39,월별,,,,,,,홍성
2.0,-0.58,10.63,4.82,-5.81,61.61,월별,,,,,,,홍성
3.0,7.15,11.98,13.01,1.03,70.48,월별,,,,,,,홍성
4.0,13.29,12.72,19.85,7.14,63.72,월별,,,,,,,홍성
5.0,17.78,12.15,23.96,11.81,60.23,월별,,,,,,,홍성
6.0,22.95,8.41,27.65,19.24,77.52,월별,,,,,,,홍성
7.0,26.48,8.06,30.83,22.77,83.73,월별,,,,,,,홍성
8.0,25.44,7.0,29.14,22.14,86.56,월별,,,,,,,홍성
9.0,21.07,10.77,26.82,16.05,79.28,월별,,,,,,,홍성
10.0,13.62,11.85,19.61,7.76,76.9,월별,,,,,,,홍성
11.0,9.11,13.19,16.19,3.0,75.23,월별,,,,,,,홍성
12.0,-2.37,9.49,2.29,-7.21,74.13,월별,,,,,,,홍성
,,,,,,분기별,2022Q1,1.67,11.36,7.38,-3.99,66.66,홍성
,,,,,,분기별,2022Q2,18.0,11.1,23.82,12.72,67.08,홍성
,,,,,,분기별,2022Q3,24.36,8.59,28.95,20.36,83.23,홍성
,,,,,,분기별,2022Q4,6.76,11.49,12.66,1.16,75.42,홍성
1.0,-4.47,12.75,2.35,-10.39,63.89,월별,,,,,,,홍천
2.0,-2.89,13.22,4.02,-9.2,52.55,월별,,,,,,,홍천
3.0,6.05,12.81,12.9,0.09,63.21,월별,,,,,,,홍천
4.0,13.17,15.27,20.98,5.71,53.41,월별,,,,,,,홍천
5.0,17.15,15.08,24.76,9.68,57.2,월별,,,,,,,홍천
6.0,21.91,10.35,27.34,16.99,72.0,월별,,,,,,,홍천
7.0,25.54,8.95,30.77,21.82,80.34,월별,,,,,,,홍천
8.0,24.32,7.42,28.59,21.18,83.36,월별,,,,,,,홍천
9.0,19.51,11.75,26.47,14.72,77.33,월별,,,,,,,홍천
10.0,11.93,11.73,18.92,7.19,77.94,월별,,,,,,,홍천
11.0,6.77,13.3,14.37,1.07,73.69,월별,,,,,,,홍천
12.0,-5.51,11.07,0.59,-10.48,67.5,월별,,,,,,,홍천
,,,,,,분기별,2022Q1,-0.35,12.92,6.51,-6.41,60.13,홍천
,,,,,,분기별,2022Q2,17.4,13.58,24.37,10.78,60.83,홍천
,,,,,,분기별,2022Q3,23.16,9.35,28.63,19.29,80.38,홍천
,,,,,,분기별,2022Q4,4.37,12.02,11.26,-0.76,73.04,홍천
1.0,3.96,4.33,6.45,2.13,67.8,월별,,,,,,,흑산도
2.0,3.44,5.37,6.46,1.09,64.2,월별,,,,,,,흑산도
3.0,7.91,6.59,11.79,5.2,79.7,월별,,,,,,,흑산도
4.0,11.75,7.46,16.14,8.68,80.4,월별,,,,,,,흑산도
5.0,16.56,8.32,21.34,13.02,74.4,월별,,,,,,,흑산도
6.0,19.84,5.37,23.1,17.73,93.37,월별,,,,,,,흑산도
7.0,24.81,5.7,28.19,22.49,92.36,월별,,,,,,,흑산도
8.0,21.42,4.87,28.33,23.46,86.85,월별,,,,,,,흑산도
9.0,20.92,5.22,24.13,18.91,87.57,월별,,,,,,,흑산도
10.0,15.72,4.95,18.71,13.76,75.27,월별,,,,,,,흑산도
11.0,12.75,5.62,16.11,10.5,75.9,월별,,,,,,,흑산도
12.0,4.72,4.37,7.05,2.67,68.57,월별,,,,,,,흑산도
,,,,,,분기별,2022Q1,5.16,5.43,8.29,2.86,70.78,흑산도
,,,,,,분기별,2022Q2,16.05,7.06,20.2,13.14,82.63,흑산도
,,,,,,분기별,2022Q3,22.4,5.26,26.91,21.65,88.94,흑산도
,,,,,,분기별,2022Q4,11.05,4.97,13.93,8.96,73.22,흑산도
